Age,Gender,EducationLevel,Ethnicity,ExperienceYears,PreviousCompanies,DistanceFromCompany,InterviewScore,SkillScore,PersonalityScore,RecruitmentStrategy,HiringDecision
26,1,2,Asian,0,3,26.783827553853700,48,78,91,1,1
39,1,4,White,12,3,25.8626943295439,35,68,80,2,1
48,0,2,White,3,2,9.920804828174790,20,67,13,2,0
34,1,2,Asian,5,2,6.407750728667840,36,27,70,3,0
30,0,1,Asian,6,1,43.10534312417560,23,52,85,2,0
27,0,3,White,14,4,31.706658809375900,54,50,50,1,1
48,0,2,Hispanic,6,1,17.291229200972400,24,52,64,3,0
40,0,4,Asian,13,3,10.586810869513300,6,3,92,3,0
26,1,3,Asian,6,5,28.774864008481600,80,78,51,1,1
45,1,2,White,2,5,30.195964463056800,92,16,94,3,0
38,1,1,Asian,15,2,11.349680062252900,93,66,29,2,0
42,0,3,Asian,5,5,43.5702873945737,70,73,56,2,0
30,0,3,Black,12,5,5.2132183077925500,96,46,78,3,1
30,0,1,Asian,7,5,18.804654258321100,70,55,81,2,0
43,1,2,White,3,3,35.019220688126100,23,22,98,1,0
40,0,3,Asian,12,5,14.706018190960000,10,17,29,2,0
23,1,1,White,7,5,42.38375973906360,72,0,97,2,0
27,1,4,Asian,1,5,37.993391330020200,11,34,41,1,0
53,1,2,Asian,14,1,40.45114222740670,34,63,10,2,0
22,1,1,Asian,9,3,6.955326793835810,62,57,26,2,0
41,1,3,White,8,2,8.027356399777150,67,94,23,2,0
40,1,2,Asian,8,1,15.32368688722920,99,58,98,2,1
21,0,2,Asian,7,4,26.903858259878100,91,0,38,3,0
43,0,1,Asian,9,3,38.40080383497010,56,2,71,2,0
31,1,1,White,13,3,42.82654453804520,12,66,17,2,0
49,1,2,Hispanic,12,4,36.216765797859000,22,36,76,1,1
25,0,2,White,9,4,47.429844076531900,82,82,44,2,0
21,1,2,White,0,4,37.93717548079650,100,28,87,3,0
47,1,3,White,1,2,16.313394350230700,38,88,86,2,0
40,0,2,White,5,5,14.25406421692860,87,32,11,2,0
20,1,1,Asian,9,3,35.80962251505450,79,99,48,2,0
31,1,2,Asian,4,5,10.643528434480700,96,60,93,2,0
45,1,4,White,11,5,5.635740540513500,11,92,30,1,1
41,0,3,White,13,4,27.611143742809700,33,89,91,3,1
48,0,2,Asian,8,2,42.082078488947800,70,3,21,1,0
31,0,2,Asian,4,1,6.068992123493180,74,13,43,2,0
44,1,2,Asian,1,2,40.59456618978650,30,90,91,2,0
36,1,3,Asian,9,5,41.5786002175774,92,32,63,2,1
46,0,3,Asian,3,2,25.113700004077200,61,21,76,1,1
46,1,2,Asian,8,4,3.865515500524340,12,47,24,2,0
50,1,3,Asian,0,1,9.72949256235932,30,2,50,1,0
29,1,3,Asian,10,4,36.37131375809660,1,86,6,1,1
47,1,1,White,0,1,36.58889724954750,14,84,5,2,0
47,1,2,Asian,11,5,45.917763758383300,56,22,23,2,0
35,0,1,Asian,6,1,30.134307327729100,74,67,18,1,1
34,1,2,Asian,10,1,7.205368385688870,33,20,82,1,1
49,0,3,Asian,2,1,7.070745275248610,67,100,99,3,0
49,1,2,Asian,9,2,37.05661786784120,74,42,8,3,0
34,0,2,Asian,1,2,10.189233255395100,28,94,35,1,0
49,1,1,Asian,8,5,17.419274980830300,65,84,39,2,0
38,0,2,White,2,1,25.360600346095700,15,25,92,2,0
57,1,2,Asian,15,3,2.23824387880756,38,40,23,2,0
42,0,2,Asian,1,5,13.440951350996600,76,98,47,3,0
39,1,2,Black,6,1,21.394480425364,36,37,32,1,0
44,0,2,Asian,7,1,14.981815924660300,80,87,68,2,1
22,1,2,Black,9,2,7.818516373378290,20,10,52,2,0
24,0,1,Asian,5,5,37.40061288980990,43,28,53,2,0
38,0,1,Asian,5,1,41.65738275839930,18,59,41,2,0
26,1,2,Asian,9,1,13.873948807186200,70,66,44,3,0
40,1,2,Asian,10,5,39.72097473031520,7,64,89,1,1
28,0,2,Asian,6,3,20.27767822006570,76,60,13,1,1
26,1,2,Hispanic,4,5,26.33428954270010,60,18,28,1,0
37,0,2,White,10,5,43.80005374465760,65,45,5,3,0
23,0,3,White,12,3,38.497684090120400,40,48,6,2,0
44,0,1,Asian,14,5,41.25584256580890,74,21,36,2,0
47,1,2,Asian,5,1,7.842258329317840,87,77,52,1,1
33,0,3,Black,3,5,4.485971291686470,69,56,17,3,0
37,0,2,Asian,10,3,45.67023645439940,60,13,86,3,0
45,1,2,Asian,8,4,20.391713478554700,25,43,37,2,0
28,1,4,White,5,5,15.393983903484000,70,15,58,2,0
45,1,3,Asian,3,2,37.23481271309120,82,96,0,1,1
40,1,2,White,11,1,42.82077982899280,69,76,67,2,0
21,0,2,Asian,2,1,44.12448109491510,28,11,43,2,0
39,0,2,Asian,3,2,16.799857056261400,65,54,46,1,0
54,0,2,White,2,2,43.6106195600837,18,50,34,2,0
34,0,2,Asian,14,5,3.046697218717270,67,38,86,1,1
47,1,2,White,1,2,3.483074572985940,57,32,90,2,0
26,0,2,Black,13,4,32.17595975870770,69,32,59,2,0
31,0,2,Asian,4,3,4.155318455777310,56,28,89,1,0
48,1,3,Asian,1,2,17.230458425508100,36,68,51,2,0
27,0,2,Asian,5,2,34.6377993123462,60,69,7,2,0
34,0,1,White,2,4,17.863344802711300,91,30,79,1,1
22,0,2,Asian,5,1,9.979989072004800,29,79,40,3,0
33,0,2,Asian,14,1,15.067531092692100,70,30,2,1,0
36,0,2,White,10,5,23.878766612521600,72,88,95,2,1
23,0,2,Asian,9,4,24.76929276777410,24,45,68,1,1
37,1,2,White,8,3,40.150011567360100,96,96,83,1,1
27,1,2,Asian,0,3,38.507661471575600,64,76,13,1,0
23,0,1,Asian,15,4,23.84089022780680,5,51,95,1,0
21,0,1,White,15,3,43.28336745493860,17,9,25,2,0
49,1,2,Asian,5,1,6.711856929569790,9,87,69,1,0
25,0,2,White,8,3,13.767667511445100,91,73,57,2,0
41,0,4,Asian,10,3,42.398823175112600,10,40,99,1,1
29,0,2,Asian,3,4,19.899701931307700,96,94,39,1,0
23,1,2,Asian,10,4,50.05907793969210,64,76,50,2,0
41,0,2,White,11,3,24.31266407639180,76,2,4,3,0
48,1,1,White,1,2,40.59678114818820,100,58,76,2,0
50,0,4,Asian,12,4,21.115352069118600,53,51,31,2,0
37,1,2,Asian,3,5,22.24767595312150,64,33,79,1,0
45,1,3,Asian,0,5,20.144157364209200,51,48,0,3,0
31,0,1,White,2,1,36.953781025540600,66,27,76,1,0
21,1,2,Black,9,3,28.375894202999700,81,82,53,1,1
29,0,2,Asian,8,2,48.188905568418500,77,86,10,2,0
49,1,3,Asian,9,1,13.544515826705200,30,95,52,2,0
23,0,1,Asian,4,3,6.028136604172220,90,12,7,3,0
33,0,2,White,14,4,20.66307425496080,16,96,24,1,1
52,1,4,Asian,10,5,31.8356353823388,54,97,39,3,0
35,0,2,White,5,2,44.03994684577480,92,96,31,2,0
34,0,2,Hispanic,2,5,18.309844334016400,35,68,87,2,0
55,1,1,Asian,15,4,33.68933755622310,100,66,27,1,1
33,0,4,Asian,4,3,18.50993405116100,25,60,37,1,0
42,0,1,Asian,10,4,31.860979149722900,52,59,2,3,0
47,1,3,Asian,7,4,45.24039735153250,16,70,99,2,1
44,1,3,Asian,5,5,12.567882112970500,85,23,90,2,0
49,0,2,White,3,2,21.212082105352000,24,62,83,3,0
27,0,2,Asian,1,4,50.66325982148730,1,45,38,1,0
43,1,1,Asian,13,5,44.42785141247300,85,60,61,2,1
35,1,2,White,8,2,29.231992894810100,4,22,26,2,0
32,0,3,Asian,6,3,26.83137959271380,3,29,24,1,0
37,1,3,Asian,11,3,15.23001911523410,35,59,91,1,1
34,0,2,Asian,0,1,26.86047138467650,5,17,24,2,0
40,0,2,Hispanic,0,5,43.40907491399740,20,95,60,2,0
43,0,1,Asian,12,2,35.25872566388900,76,55,43,2,0
45,0,1,White,3,4,15.502201408899300,100,52,96,1,1
44,0,1,Asian,6,3,11.073196052676600,88,6,45,3,0
47,1,2,Asian,0,2,14.260426849841500,25,96,13,1,0
47,1,2,Asian,8,5,9.487960069641330,54,68,7,2,0
47,1,2,Asian,3,1,5.782034801185800,38,91,47,2,0
32,1,2,White,2,3,21.95680872210280,83,71,13,1,1
28,0,2,Asian,0,2,6.664980219913390,32,78,64,1,1
48,0,2,Asian,9,2,9.595627886355220,13,51,79,2,0
34,0,3,White,3,2,28.366234216974300,55,3,81,3,0
32,0,2,Asian,8,5,9.229963684978740,99,33,6,1,1
40,1,4,Asian,12,5,4.193988371545140,80,68,78,2,1
44,0,3,White,13,5,16.86944250139430,20,32,87,2,0
26,0,1,Asian,9,4,12.015954931098400,45,68,48,1,1
28,1,3,Asian,15,2,26.765259399718800,15,37,54,2,0
43,1,2,Asian,15,3,6.118354229160470,15,97,12,3,0
20,1,2,Asian,5,5,38.58853938414890,83,25,72,2,0
31,1,2,Asian,15,5,46.311675971756900,28,0,55,3,0
27,0,2,Hispanic,5,2,38.17175869780970,91,3,55,1,0
43,0,2,Asian,0,5,27.641351870069700,7,38,14,2,0
50,1,2,Asian,9,4,44.03339108944430,87,53,56,2,0
30,0,2,White,1,4,35.74591898907540,2,89,57,2,0
38,0,2,Asian,10,5,1.527556122509490,88,32,34,2,0
36,0,2,Asian,5,2,20.70450763872520,18,32,87,1,0
27,1,3,Asian,1,2,43.54759497034,96,71,96,2,1
22,0,1,Asian,2,2,18.292942898763500,65,19,15,2,0
22,1,2,Asian,3,1,2.760758676276180,78,15,7,1,0
20,0,3,White,10,5,38.308981927613600,85,20,92,3,1
46,0,2,Asian,4,2,41.101913514143400,73,44,86,2,0
24,0,1,Asian,14,4,9.029684752165430,81,89,44,2,0
29,1,1,Asian,8,3,27.86702484215910,21,86,94,1,1
26,0,2,Asian,11,3,10.597771949786300,45,81,39,1,1
53,1,4,White,16,2,36.96172095220730,90,61,53,2,1
28,1,2,White,14,3,14.577522758874300,12,30,13,2,0
47,1,4,Asian,3,3,16.810756128166500,32,41,58,2,0
26,0,2,White,12,1,43.248542682005100,4,11,93,2,0
33,0,2,Asian,10,4,24.816117610345200,89,64,52,1,1
27,0,2,White,8,4,34.48772256091240,76,72,26,2,0
31,0,2,White,10,1,21.11865253612340,26,2,46,2,0
21,1,1,Asian,9,1,15.90034285968780,77,89,79,2,1
20,1,3,Black,2,3,32.27390302123310,23,8,5,1,0
35,1,3,Asian,7,5,8.742878703941060,66,50,54,1,1
42,0,2,Asian,11,3,19.64999177834320,62,15,96,2,0
42,1,4,White,0,1,11.451851869296100,93,87,43,1,1
49,0,3,Asian,10,4,35.789748347037300,98,77,17,1,1
43,1,2,Asian,8,3,48.21044191730540,47,2,15,1,0
24,0,1,White,8,5,50.77554840079330,62,97,11,2,0
22,0,2,Asian,9,3,23.513840522079500,77,96,19,2,0
31,1,2,White,1,2,13.626519481822200,11,23,44,2,0
27,1,2,Asian,3,3,23.141468519216200,27,72,63,1,1
41,1,1,White,12,1,43.36347049813620,43,12,58,2,0
46,1,3,Asian,7,4,11.300283927602000,92,1,92,1,1
22,0,1,White,6,4,48.60478258264620,42,70,93,3,0
20,1,2,White,0,1,18.09328843990760,16,20,89,2,0
22,1,4,Asian,4,2,50.29018297251530,39,18,21,2,0
24,1,3,Asian,6,1,42.93044437669810,48,88,96,1,1
56,0,2,White,16,3,41.428526707369500,84,46,46,1,1
33,0,3,Asian,15,1,16.895233688664200,56,21,28,2,0
22,1,1,Hispanic,3,1,1.4388605973964700,86,74,85,2,0
20,0,1,Asian,14,2,20.106645441299400,83,32,44,1,1
52,1,2,White,15,3,16.090468483134700,63,31,76,3,0
45,0,2,Asian,14,5,2.869849520439870,74,63,8,3,0
42,0,2,White,0,5,26.26826282529650,56,84,23,2,0
50,0,2,Asian,8,4,21.15156556413680,97,38,14,3,0
33,0,1,Asian,13,1,32.72782338707620,73,83,35,1,1
26,1,2,Asian,4,4,32.059316109704200,73,71,12,1,1
46,1,2,Asian,10,2,7.037331794834010,69,41,90,1,1
58,1,3,Asian,15,5,49.84827730633110,99,100,43,2,1
34,0,2,Asian,1,1,10.346571472072300,87,8,100,1,1
34,1,2,Asian,7,2,23.263701238235200,75,24,70,3,0
45,1,2,Hispanic,10,2,25.405877171686700,42,88,71,1,1
29,1,1,Asian,12,1,41.653139860706000,22,96,100,2,0
47,0,1,White,1,2,5.961479804732340,26,1,77,3,0
32,0,3,Hispanic,2,1,22.432213960426600,57,18,75,1,1
38,0,2,Black,13,1,32.425108511810200,36,19,35,1,0
50,1,1,Asian,9,3,11.757781081202800,5,92,60,2,0
26,1,2,White,0,4,32.37339493830360,64,69,80,1,1
36,1,2,Asian,10,2,47.18324187748260,5,16,39,1,0
39,0,2,Asian,5,2,50.87590655863380,49,68,32,1,0
48,0,2,Asian,1,3,2.6225538395337900,21,67,26,2,0
37,1,2,Asian,13,3,12.779411412233900,87,93,0,3,0
51,0,2,White,15,3,16.515355789584900,24,83,33,3,0
24,0,1,White,6,5,20.956305022248300,78,2,67,1,1
42,0,2,White,9,5,13.11285787923840,89,86,87,2,1
26,0,3,Asian,1,5,11.174399727765600,71,50,20,2,0
32,1,3,White,5,1,48.727692120875,50,81,32,3,0
38,0,3,Hispanic,14,2,46.92608013852590,87,25,6,1,1
30,0,2,Asian,2,4,3.3496250501558700,47,55,64,2,0
48,0,2,Asian,3,1,17.940651080242400,69,99,2,2,0
33,0,2,White,10,2,21.25742768392030,98,63,50,3,0
37,1,2,Hispanic,14,2,12.950726733297200,64,7,78,1,1
26,1,2,Asian,3,3,32.44364484940880,59,21,44,1,0
46,0,1,White,7,3,33.01903733221210,45,94,53,1,1
38,0,2,Black,13,1,43.525211416429900,35,36,79,1,1
41,0,4,Asian,2,3,38.04346341926090,57,96,73,2,0
47,0,2,White,9,2,28.12866634829780,75,26,92,2,0
21,0,1,Asian,5,3,33.67933850222100,37,44,58,2,0
29,0,2,Asian,0,5,14.699439077150900,10,3,5,1,0
32,1,3,Asian,6,3,30.652809498367900,11,85,28,1,1
49,0,2,White,7,2,25.46136273749600,41,89,16,1,1
44,1,2,Asian,10,1,7.66722336581852,38,95,59,1,1
40,1,1,Asian,13,4,13.127213829148500,70,87,21,2,0
25,0,2,Asian,4,3,15.5846725360793,10,38,23,1,0
47,1,2,Asian,2,2,47.2154783526279,35,36,80,1,0
47,1,3,Hispanic,13,4,12.519331969294500,51,95,84,2,1
31,1,2,Asian,9,4,15.462195140983400,30,70,50,2,0
31,1,1,White,0,5,19.467706504471600,32,32,49,2,0
39,1,1,White,8,4,34.18713693126940,12,30,10,3,0
49,1,1,Asian,12,2,6.911919623607030,17,54,55,1,1
49,0,2,White,5,2,48.6972606246888,40,11,70,2,0
32,1,2,White,10,3,44.27856100473820,57,10,41,2,0
45,1,2,White,8,3,29.860803650447500,55,87,38,2,0
42,1,2,Hispanic,6,3,34.701893371247800,23,71,68,3,0
47,0,2,White,0,4,1.8330235622108000,72,31,47,1,0
44,1,1,Asian,11,4,17.947238767422400,30,56,56,2,0
26,0,1,White,11,5,40.7830115330721,54,37,20,1,0
49,1,3,White,0,3,4.874148689619300,9,59,81,2,0
20,0,2,Asian,5,1,15.11569171053600,59,85,98,2,0
20,0,2,Asian,4,5,30.26484141671560,1,97,19,3,0
44,1,3,White,8,1,13.820651384947100,14,18,14,3,0
46,1,2,Hispanic,1,4,47.69889870722600,2,83,68,2,0
49,0,3,Hispanic,7,5,7.5529315402145200,42,55,76,1,1
44,1,2,White,10,5,40.86971789538890,30,13,50,2,0
39,0,4,White,4,2,26.397434595320400,69,32,75,2,0
32,0,1,Asian,1,4,38.5165387909978,66,9,61,1,0
28,0,1,White,12,4,16.535766415572400,55,79,84,2,0
22,0,2,Black,9,5,26.72448011560190,62,63,36,3,0
32,0,4,Asian,10,4,43.841767486158800,74,63,5,2,1
35,1,3,Asian,10,5,24.34390495615520,14,61,70,2,1
32,0,1,Asian,11,2,18.98599309551350,91,67,25,3,0
46,0,2,Asian,5,5,27.807769312636800,9,90,7,1,0
28,1,4,Asian,9,4,36.868137651818300,37,91,72,1,1
49,0,2,Black,7,4,23.178167274925100,46,42,90,2,0
24,1,3,White,3,5,47.94384875711370,56,79,3,2,0
20,1,3,Hispanic,1,5,15.747291202117100,49,58,20,2,0
38,1,2,Asian,11,5,24.77318030845600,70,51,30,1,1
31,0,2,Asian,10,3,38.846382967072100,14,96,20,1,1
31,0,2,Asian,4,4,35.45605452478790,17,18,24,1,0
43,0,2,Asian,14,4,44.18205262085780,81,20,14,3,0
34,1,3,Black,11,3,50.84045903405540,87,21,34,2,0
23,0,2,Asian,1,5,22.34291643975450,1,8,48,2,0
25,1,3,Asian,1,2,6.557543989165590,83,8,42,1,1
43,0,1,Asian,14,5,2.520794040398400,97,72,40,1,1
28,1,4,White,5,5,37.343845306988600,42,26,36,2,0
49,0,2,Asian,15,3,44.70068356543580,25,16,56,1,0
36,0,1,Asian,10,4,12.035629297220900,70,43,41,2,0
49,0,1,Asian,9,5,8.922401859495300,37,44,46,2,0
36,1,3,Asian,8,4,4.110254576284550,93,7,91,2,1
45,1,2,Asian,12,1,42.13514608586030,41,79,60,2,0
39,0,3,Asian,3,4,16.569096994629200,4,17,13,2,0
31,0,1,Asian,5,2,21.084844637988800,10,32,67,1,0
55,1,1,Asian,17,2,26.137509580480600,64,0,52,2,0
26,1,2,Asian,6,5,42.97266171047750,33,75,83,2,0
21,1,2,White,12,4,33.54166107807430,0,5,33,1,0
22,0,2,White,10,5,31.753231492890600,82,40,75,3,0
36,1,4,White,5,3,9.783604997795540,1,54,96,1,1
24,0,4,Asian,7,2,26.659494585491500,84,4,23,1,1
36,1,4,Hispanic,3,5,36.76905085893280,19,38,19,1,0
43,0,3,White,11,3,49.66304415152460,60,79,68,3,1
36,1,2,Hispanic,14,5,11.070315460667600,86,17,29,2,0
46,1,2,Asian,0,4,1.4771676533613300,20,48,87,2,0
36,1,2,Asian,6,4,4.765071679923490,87,81,6,1,1
21,1,3,White,2,4,19.79262325909900,67,64,35,2,0
38,1,1,Asian,13,4,42.02723238729940,11,82,37,2,0
47,0,2,White,5,1,1.3571040884122500,21,53,79,3,0
41,1,1,Asian,1,3,23.836529644292000,19,60,51,1,0
42,1,2,White,8,3,17.461530767069700,81,7,14,1,1
24,1,3,Black,0,4,3.624085504986380,0,2,45,1,0
20,0,3,White,5,1,23.511814333630900,29,24,22,3,0
20,1,2,Asian,5,4,13.737435366835900,96,68,11,2,0
38,0,4,White,4,1,18.59424171735030,23,54,92,2,0
53,1,2,White,18,4,36.28076523921470,13,39,43,2,0
35,1,1,Hispanic,12,2,27.07754919554840,35,82,14,3,0
40,0,2,White,4,2,7.232371449640670,68,81,92,3,0
31,1,2,Asian,0,5,49.07072702118200,74,49,48,2,0
45,0,1,Asian,9,4,32.79553828548690,23,94,20,1,1
25,0,4,Asian,11,3,39.29342128312660,59,32,14,1,1
42,1,2,White,4,5,4.960657500418540,94,17,13,3,0
23,0,3,Asian,1,2,3.3529189730009400,54,56,41,2,0
42,1,2,Asian,6,4,1.9724025184040600,76,15,79,1,1
30,1,1,White,2,5,10.439701388672200,79,79,14,2,0
43,0,2,Asian,12,4,21.720419885924800,23,37,62,3,0
46,0,1,Asian,14,2,47.79130667014110,76,40,67,2,0
36,0,2,Asian,3,5,23.852982963288800,23,6,26,2,0
25,0,4,Hispanic,2,2,15.51275526862650,53,77,86,3,0
25,1,2,Asian,2,1,29.096762675983200,25,52,92,2,0
43,1,2,Asian,3,2,6.596728906739460,65,62,52,1,0
24,0,1,Asian,4,4,31.47529455024920,79,88,51,3,0
39,1,1,Asian,0,3,29.421597716525200,37,31,62,3,0
21,1,1,Hispanic,3,2,40.59965167028550,64,37,72,3,0
36,1,2,White,11,3,50.3343805808512,74,21,52,2,0
41,1,1,Asian,11,1,13.543673585805500,50,15,56,1,0
31,0,2,White,10,5,26.48282254018800,34,51,51,3,0
43,0,2,Asian,7,5,46.44327031595020,42,28,42,1,0
35,1,2,Asian,9,3,40.25949422114210,28,15,6,3,0
35,0,1,Asian,6,5,25.37031515504040,36,75,41,3,0
20,0,2,Asian,8,2,48.26858248073890,80,16,3,2,0
28,0,4,Hispanic,4,3,3.861834675840470,57,100,68,3,0
47,1,2,Asian,12,4,47.5499309856292,53,63,4,2,0
48,1,2,White,14,2,3.525369619140330,38,90,74,1,1
25,1,1,Asian,9,2,28.365237205734200,41,88,91,2,0
35,0,4,White,3,2,45.52204740005430,27,12,79,1,1
48,1,2,White,7,4,14.13604717806510,28,71,40,2,0
22,1,2,White,8,1,24.612424947257900,42,55,93,1,1
39,0,3,Hispanic,12,5,17.21644395684830,2,4,3,2,0
47,1,2,White,6,3,48.60719585381760,9,11,1,3,0
46,1,2,Asian,13,1,42.18227973765450,58,40,66,3,0
43,0,2,Asian,15,3,36.45007556631900,13,2,20,2,0
38,0,2,White,6,5,30.38134933075540,75,98,69,2,1
45,0,4,White,15,4,42.029589466207400,46,32,42,2,0
22,1,3,Hispanic,4,2,20.613352076177400,41,85,81,3,0
50,1,2,Asian,3,2,23.377592755303100,93,49,68,2,0
38,1,1,Asian,13,4,37.500086054043100,31,55,8,2,0
39,0,1,White,9,1,18.88773816468570,31,8,83,3,0
26,0,2,White,0,1,4.195047102418690,41,81,27,2,0
39,1,3,Asian,9,3,4.716730444303570,31,49,25,3,0
28,1,2,Asian,9,4,6.768140065285190,25,28,81,3,0
20,0,2,Asian,6,1,44.48406616718310,0,38,82,3,0
37,0,3,White,15,4,24.611321287810200,55,90,2,1,1
26,0,1,Asian,0,5,36.64411846723680,1,99,72,2,0
37,0,2,Black,0,2,20.645466780244700,80,44,99,3,0
27,1,1,Asian,4,2,13.935547370781700,29,16,94,2,0
40,0,4,Asian,12,2,18.359608378110600,70,55,48,2,0
30,1,2,Asian,8,4,40.70911726585920,51,97,16,1,1
47,1,1,White,5,4,32.26080625157190,90,45,62,1,1
44,1,2,White,2,3,47.8819889978951,8,66,54,2,0
44,0,2,Asian,12,2,34.985238928841700,21,68,22,2,0
37,0,3,Asian,2,3,29.5090815877347,33,13,33,2,0
42,0,3,Asian,6,2,31.509800449291700,48,66,68,2,1
50,0,2,Asian,5,3,48.11857197342070,0,22,14,2,0
49,1,1,White,8,3,40.4100464933353,72,93,46,2,0
29,0,1,White,5,5,2.202061868321890,83,60,2,2,0
22,0,1,White,4,3,27.70698480678490,52,22,82,2,0
26,1,2,Hispanic,9,4,35.41692057732820,82,26,27,2,0
47,0,3,Black,6,3,38.434923921957800,99,53,2,1,1
35,1,2,Asian,0,2,11.657105965696800,39,9,3,2,0
45,1,1,Asian,11,3,44.35886772256760,44,88,87,2,0
35,1,2,White,6,1,48.79215735875820,67,76,30,2,0
44,1,3,White,15,2,12.835765292243500,8,15,44,2,0
39,1,3,Asian,2,1,45.13077287586230,21,40,58,2,0
47,1,3,Asian,13,2,5.84893812580477,17,97,44,1,1
36,1,2,Asian,8,4,3.785341805762260,75,54,74,3,1
21,1,1,White,14,4,7.461190005137470,42,100,36,1,1
20,0,3,Asian,5,4,3.8870539733518,38,60,64,3,0
35,0,2,White,8,1,43.2506118577888,72,85,8,2,0
49,0,2,Asian,12,5,3.9525072229136000,5,80,16,2,0
31,0,3,White,14,2,14.583209568182800,82,86,64,1,1
24,1,3,White,4,4,6.187817176792820,47,99,2,1,1
24,0,2,White,6,2,15.771101815688200,6,48,25,1,0
46,1,2,Black,12,1,5.527973380046020,79,72,52,1,1
42,0,2,Asian,15,5,34.4001625371507,68,51,30,2,0
28,0,2,Asian,13,1,7.666340817128760,15,1,25,2,0
28,0,2,Hispanic,3,2,43.59229629194440,0,95,22,2,0
22,1,3,Asian,4,5,41.85955253633210,36,39,29,1,0
42,0,3,White,17,5,1.683084273530470,82,85,9,3,1
35,1,3,White,6,1,45.78631777575570,36,42,71,2,0
35,1,1,Asian,12,4,2.4472158371683500,80,76,88,1,1
22,0,3,Asian,0,2,12.98228924787780,63,7,63,2,0
39,0,3,Asian,6,3,2.619456888799750,89,58,21,1,1
43,0,2,Hispanic,7,3,17.792174351965800,85,64,14,1,1
41,1,3,White,4,1,26.69332628566360,61,80,55,2,0
23,0,3,Asian,1,2,40.832243450756900,71,11,73,2,0
20,1,2,Asian,4,2,17.89907752349180,60,3,19,3,0
43,1,2,Asian,5,1,36.27450123365580,32,76,46,2,0
39,0,1,Asian,11,2,10.375222855949000,65,94,86,3,0
24,0,2,Asian,1,4,38.52992283720630,29,40,52,3,0
38,1,2,Black,13,1,12.799830295461900,19,6,52,3,0
27,1,3,Black,5,4,8.177237797188400,59,86,0,2,0
23,1,2,White,5,2,10.270442518702700,81,87,1,1,1
25,0,1,Asian,0,1,10.10315644409280,73,68,57,1,1
27,1,2,White,13,2,26.643143968849600,23,68,18,2,0
39,0,1,White,0,1,43.2398790594073,3,80,61,2,0
49,1,1,Asian,13,2,4.9802538496252800,36,29,77,1,1
32,1,1,Asian,10,4,36.34781592467110,3,72,71,2,0
35,0,1,Asian,15,4,33.717322982642900,76,5,11,1,1
49,1,1,White,9,2,44.62599759146810,88,88,25,2,0
44,0,2,Asian,2,1,13.207378025345400,76,18,26,1,0
36,0,2,Hispanic,13,3,23.50549293425150,17,79,28,2,0
44,1,3,Hispanic,9,4,47.29136872217590,87,84,14,2,1
48,0,2,Asian,9,4,33.99967250676590,65,65,45,1,1
37,0,3,Asian,14,3,20.438420643079800,47,9,0,2,0
33,1,1,White,11,2,7.570619142763420,32,15,59,2,0
37,0,2,Asian,2,1,14.124250395029600,57,36,91,1,0
21,0,3,Asian,3,2,30.060773874469200,82,78,56,1,1
41,0,1,Asian,1,5,36.90839737802570,72,76,2,2,0
22,1,2,Asian,8,4,7.221094342594670,27,76,17,2,0
35,0,2,Asian,9,5,30.9798630022027,34,31,51,2,0
48,1,2,Asian,11,4,28.51756394193760,9,46,59,1,0
32,1,1,White,10,4,26.6977723345354,64,71,33,2,0
35,0,2,Asian,13,5,35.506155884100400,41,42,95,1,1
29,0,2,White,6,5,42.87247975417310,84,81,92,3,1
28,0,1,Black,5,2,17.149484158843400,8,35,88,2,0
38,1,2,White,14,5,45.45060950554800,59,25,59,3,0
33,0,3,Asian,5,2,9.031680630927530,14,9,25,2,0
42,0,4,White,14,2,9.651193487558220,98,30,71,2,1
35,0,2,Asian,2,2,14.338603181196200,56,96,18,2,0
39,0,3,Hispanic,5,4,6.976543477353890,68,28,21,2,0
43,0,2,Black,14,4,12.515961234143900,21,4,92,2,0
27,1,2,Asian,4,5,6.32058814514223,63,76,32,2,0
26,1,1,White,11,4,42.08762084926950,40,0,37,2,0
22,0,3,Asian,7,5,7.94844959433123,86,86,34,2,1
36,0,2,Asian,7,4,38.36487787799280,70,2,66,2,0
34,0,2,Hispanic,10,1,3.395693395666690,55,66,82,3,0
35,0,1,Asian,12,1,48.42601637569580,22,70,9,2,0
31,1,3,White,8,5,36.55800437638830,24,99,90,2,1
46,0,3,Asian,12,4,1.3398274293055900,90,34,14,2,0
38,1,3,White,0,4,39.1928250100107,5,14,10,2,0
41,1,2,Asian,13,2,26.704096038309300,33,66,89,3,0
42,0,1,Black,0,3,39.96825851675600,62,92,23,3,0
41,1,2,White,2,5,27.124840444529400,8,29,76,2,0
33,1,2,White,2,3,33.051242881767700,59,81,95,2,0
49,1,1,White,9,3,40.316582769752000,48,74,100,2,0
25,1,2,Asian,7,5,21.25540272939280,96,42,3,2,0
25,0,4,White,2,4,1.1354074910226000,50,59,12,3,0
32,0,3,White,9,5,43.497324797259400,59,39,72,1,1
38,1,3,Asian,0,3,20.04451813123310,69,64,56,1,1
41,0,4,Asian,12,4,25.80213630082920,36,28,97,1,1
27,0,2,Asian,1,1,1.3883321076984400,30,73,36,2,0
46,0,2,Hispanic,1,5,25.6046005175049,97,91,47,3,0
46,0,4,Asian,2,5,50.32437007858650,40,94,70,1,1
23,0,1,Asian,1,4,14.913383040938500,61,18,0,2,0
40,1,3,Asian,5,1,20.770913512118900,92,2,59,2,0
49,0,2,White,0,1,35.35949982343380,57,35,11,2,0
20,0,2,Black,1,4,41.73968337618290,13,42,20,2,0
47,0,2,White,12,2,21.869581200305000,35,14,10,3,0
34,0,4,Asian,15,5,16.483443520064600,35,96,43,1,1
48,1,3,Black,16,5,47.89128999925340,78,40,57,2,0
24,1,1,White,12,3,34.85724833358350,7,89,43,1,1
47,1,3,Asian,15,4,6.951065224657050,25,79,77,2,1
48,1,2,Hispanic,0,3,4.446393906732430,35,35,97,3,0
35,0,2,Asian,4,3,25.177492539518500,47,96,33,1,0
38,1,2,White,11,1,12.004503302363600,84,83,24,1,1
25,0,2,Asian,3,5,13.699237668812700,27,76,3,2,0
24,0,2,White,2,3,44.884608941392400,67,32,63,2,0
36,0,4,Hispanic,6,1,5.4783012158155300,61,4,89,2,0
45,0,3,Asian,15,4,36.76820576144450,79,100,15,1,1
31,0,2,Asian,7,3,14.557112669029400,85,77,9,1,1
47,1,1,Asian,9,5,39.016411070206900,75,90,65,2,1
49,1,4,Hispanic,0,3,37.12056922317720,79,86,34,1,1
48,1,4,Black,6,4,1.3695950722146500,50,13,82,3,0
37,1,3,Asian,12,3,26.456770646080000,41,67,5,1,1
40,0,1,Asian,4,5,7.965974118902320,100,82,18,2,0
25,1,1,Asian,9,1,44.31135152893380,28,46,58,1,0
22,0,2,Asian,0,5,44.57929414312030,81,53,52,1,1
47,1,1,Asian,2,1,21.9172903746879,9,3,7,2,0
28,0,2,Hispanic,6,2,23.219780922554000,38,93,77,2,0
24,0,4,White,9,5,16.164146970226400,81,82,9,1,1
43,1,2,White,0,5,36.83031494800160,0,94,66,1,1
48,0,1,White,6,4,18.933068151323000,38,94,37,1,1
36,0,2,Black,4,3,14.389623726131700,20,8,28,2,0
33,1,1,Asian,0,1,22.61155297522540,64,52,14,2,0
40,0,1,White,0,1,5.574375919372940,14,76,86,1,1
50,1,2,White,13,4,38.33016023221020,3,77,22,2,0
22,1,2,Asian,0,4,1.629820063589350,59,59,81,2,0
47,1,3,White,10,3,33.2242530760297,60,45,45,3,0
31,0,4,Asian,8,3,10.14322633774360,19,53,82,3,1
39,0,2,White,10,5,12.620202310720700,9,73,27,2,0
51,0,2,Asian,14,2,32.781599932002000,86,94,25,1,1
48,1,3,Asian,2,3,50.64717328914540,33,36,9,1,0
40,0,2,Asian,14,4,39.88587445362750,47,22,46,2,0
42,1,1,White,12,3,12.2919816111696,32,26,3,3,0
20,1,3,White,4,1,9.80123775205669,97,69,54,2,0
22,0,1,Asian,10,2,44.311643513383500,60,89,65,2,0
46,1,2,White,15,5,23.209197396075200,9,65,66,2,0
44,0,2,White,9,1,7.852640141407770,53,60,6,2,0
35,0,2,Asian,11,1,44.1105711660969,83,76,54,1,1
50,0,2,Asian,15,2,41.80461764571310,64,50,79,2,0
41,0,3,White,8,5,50.19531819485820,76,49,30,1,1
45,0,1,Asian,5,4,46.4871843356342,0,18,73,1,0
32,1,2,Asian,11,5,43.589516933027100,4,0,18,2,0
27,1,3,White,8,3,3.6287198905501600,79,39,27,1,1
33,1,2,Asian,7,1,6.220768474905900,14,31,80,1,1
43,0,1,Hispanic,7,3,29.44915971520610,27,21,27,1,0
37,0,3,Black,0,4,27.573962314091000,94,92,18,3,0
35,0,2,Asian,13,3,23.898160724476800,22,65,100,2,0
41,1,3,White,8,5,20.83946627072920,16,39,86,1,1
42,0,3,Asian,5,3,22.560524243216400,97,37,19,2,0
43,1,2,Asian,15,4,29.46489670673980,12,47,12,1,0
50,1,2,Asian,8,4,1.1038258800040600,13,54,76,2,0
46,0,4,Hispanic,2,4,14.03543870664260,10,74,42,2,0
29,0,1,Black,11,5,26.913986034435600,27,80,10,3,0
25,1,3,White,2,4,37.11080493368230,41,54,47,2,0
45,0,1,White,5,1,9.707834619769820,95,50,14,3,0
36,1,2,White,8,4,28.344058689371600,98,59,16,3,0
27,0,2,Asian,6,3,36.72298419428910,60,7,53,3,0
44,0,4,White,13,3,23.231382895695200,63,85,49,2,0
39,1,4,Black,12,3,2.3540566835025500,30,67,27,2,0
30,0,1,Asian,2,5,23.463407923281800,80,74,82,2,0
41,1,1,White,2,3,15.822244387207700,72,71,3,1,1
35,0,3,Asian,1,5,47.48248038506640,9,8,21,1,0
26,1,2,Asian,8,5,7.230669283916370,7,89,85,2,0
48,1,1,White,12,4,33.62379777536160,20,1,100,2,0
29,0,2,White,6,1,3.6359883167250600,76,79,38,3,0
42,1,2,White,2,4,23.308521890634800,58,94,33,1,0
45,0,4,Asian,3,4,28.69897436100400,49,29,56,1,0
22,0,2,Asian,4,5,15.897746565843300,68,84,43,2,0
37,0,2,White,13,5,23.75378177601920,69,89,41,2,0
44,1,2,Asian,13,3,9.177689726509370,29,58,39,1,1
43,1,3,White,8,3,16.206192473401800,94,18,96,3,1
32,0,2,Asian,7,4,32.055316245510200,16,27,11,2,0
47,0,2,Hispanic,1,2,16.090002793057800,74,71,1,2,0
45,1,2,Asian,2,2,45.98715392044360,19,13,27,3,0
46,0,3,Asian,15,3,32.420347882049500,47,23,73,2,0
44,0,2,Asian,15,2,22.932450921799200,72,43,85,2,0
23,1,1,White,1,3,2.9378467777091200,1,100,80,3,0
37,0,2,Asian,15,5,25.977416760233600,36,55,89,1,1
39,1,2,Asian,7,4,39.23881210625450,0,89,66,2,0
20,0,1,White,5,1,14.277879900620700,3,94,70,1,1
27,1,3,White,5,4,41.33867848243840,99,50,71,1,1
36,0,2,White,11,3,13.590338302544100,53,31,83,3,0
39,0,3,Asian,14,3,42.18731939754000,24,49,75,2,0
33,1,2,White,8,4,5.26341708058387,2,40,98,2,0
31,0,3,Asian,7,3,44.30918544345150,8,65,80,3,1
38,1,1,White,3,2,25.959322546666500,85,24,91,3,0
42,0,2,Asian,14,2,15.8268794810131,86,60,9,3,0
34,1,4,Black,11,3,14.255662520757400,75,65,85,2,1
47,1,3,Asian,3,3,22.600527946518100,73,41,56,2,0
21,1,2,Asian,8,2,50.95247490518230,33,64,96,1,1
21,1,2,White,0,3,12.016369671879100,42,35,85,2,0
42,0,3,Asian,12,3,6.160832443949980,73,75,36,2,1
50,0,2,Black,1,4,30.251758435933100,93,8,76,2,0
41,1,3,Asian,1,1,25.427123322012900,21,35,90,2,0
38,1,3,Asian,5,2,27.209813553165400,39,31,43,3,0
44,1,1,Asian,12,4,34.346770877860900,1,37,78,2,0
45,0,1,Asian,5,1,14.357203493532500,93,32,85,2,0
53,0,2,Asian,14,3,46.53324976919440,65,41,93,2,0
49,0,1,Asian,3,3,22.78360330611450,31,60,39,1,0
48,0,2,Asian,15,4,7.454309757123090,15,45,100,1,1
41,1,4,Asian,12,3,38.114937836697200,75,85,97,2,1
45,1,2,Asian,10,5,33.155217630892500,0,88,59,1,1
45,1,3,White,9,4,16.787170124201900,71,60,97,2,1
41,0,2,White,12,1,32.075936201702400,47,17,47,2,0
36,0,2,White,2,4,11.993097818448800,49,69,98,1,1
39,0,1,White,2,2,23.241967967026500,12,81,18,1,0
29,1,2,Asian,2,4,45.97062610836630,14,79,71,2,0
25,1,2,Black,5,3,7.676711658037470,52,14,32,2,0
34,0,2,Asian,13,3,20.3348224993731,43,47,43,2,0
41,1,3,Asian,15,5,42.057121236017400,7,71,91,2,1
30,0,2,Asian,7,5,49.474544970308900,73,12,36,2,0
47,0,2,White,10,5,23.696306821089800,45,42,88,3,0
24,1,2,Asian,2,1,26.349981007167400,68,59,35,2,0
34,0,1,White,13,5,29.608598089188500,18,56,80,3,0
27,1,2,Asian,3,1,47.61740708168550,37,70,87,1,1
40,0,1,Asian,10,5,43.91033954885150,10,16,20,2,0
47,1,1,White,11,1,9.530056231082220,42,49,1,2,0
31,1,1,White,3,4,22.83789089235380,19,31,30,1,0
31,1,2,Asian,10,4,24.20002140982130,19,21,96,1,1
24,0,3,Asian,9,3,40.454805582437800,20,54,29,2,0
41,0,2,Asian,14,1,31.144644130271800,81,56,75,1,1
33,1,2,Hispanic,10,2,33.71102310145070,56,12,43,1,0
36,1,2,Asian,15,3,50.90999538328090,49,46,11,3,0
32,0,1,Hispanic,9,4,4.7480021735006500,73,86,50,3,0
39,0,3,Black,13,1,12.15049117668670,97,61,48,2,1
49,0,2,Hispanic,10,5,21.39479686857730,25,53,23,2,0
34,1,2,Asian,1,2,18.38912015244440,29,28,23,3,0
40,0,2,Asian,13,4,2.082278067349180,72,21,59,2,0
42,0,1,Asian,15,3,5.588880323558790,30,64,10,1,1
27,1,2,Asian,0,1,35.04766457017880,41,28,12,3,0
39,0,2,Asian,8,2,44.96622316812800,67,47,90,2,0
35,0,3,Asian,11,1,26.71135056329890,60,4,71,2,0
32,0,1,Asian,14,5,27.95955397568170,60,34,73,2,0
37,1,2,White,11,3,13.75467164161900,69,73,71,2,0
47,1,2,Asian,1,1,39.39381818168560,77,82,63,3,0
34,1,1,Asian,12,4,38.58972936836280,67,100,19,2,0
49,1,2,White,7,3,30.41828446088280,89,70,71,3,1
38,1,3,Asian,14,4,11.633214325567100,16,45,72,3,0
36,1,3,Black,15,1,5.850910911854470,18,34,70,2,0
43,1,2,White,8,3,4.211928792856300,50,44,77,2,0
50,0,3,Hispanic,3,4,30.63480333214390,69,12,27,2,0
38,0,4,Asian,7,5,42.25176595714,62,9,1,1,1
47,1,3,Asian,8,5,43.91652158904620,92,65,42,1,1
45,0,1,White,9,1,24.18110371717250,74,69,7,2,0
42,0,3,Asian,9,3,40.21356496533590,79,71,12,2,1
45,1,2,Asian,4,2,48.34400981705120,29,99,84,1,1
50,0,4,Asian,15,3,14.7585056244034,24,24,91,1,1
45,0,2,White,12,5,20.89801731903790,74,43,34,3,0
40,0,1,Asian,13,4,47.57394962983400,70,59,22,2,0
49,0,3,Asian,6,2,17.911548365864200,25,46,45,3,0
42,0,2,Asian,15,1,46.693814516089800,55,39,14,2,0
50,1,4,Hispanic,9,2,50.05224311272330,21,6,1,2,0
28,1,4,Asian,3,1,34.09053642872120,88,45,60,1,1
31,1,2,White,0,2,41.84451447520840,18,22,75,2,0
40,0,1,Asian,2,1,38.47727821105430,30,82,63,2,0
20,1,2,Asian,4,1,35.97671288077620,25,45,51,1,0
45,0,1,Black,2,2,16.346553649061600,41,85,35,2,0
45,0,1,Asian,15,2,3.8547168953971900,40,12,66,2,0
35,0,3,White,11,1,18.15258662598250,99,20,68,2,1
37,0,2,Asian,12,5,34.34679926019530,22,0,66,2,0
21,1,2,Black,0,2,6.126459911390070,46,18,46,2,0
49,1,4,Asian,3,3,1.5958991489121000,12,29,43,2,0
41,0,2,White,11,4,7.984618630146930,88,32,1,3,0
35,1,2,White,8,1,36.78679632053980,65,3,43,3,0
44,0,4,White,14,1,49.6396850828222,65,2,100,3,0
27,1,1,White,4,4,50.153234980741000,15,90,63,2,0
32,1,3,Asian,5,5,25.698957457009400,72,51,80,2,1
40,0,4,Hispanic,12,4,44.46761504961740,27,98,77,2,1
20,1,4,White,9,2,37.8413227875752,36,27,27,1,0
35,0,2,White,0,4,26.052011849230200,34,69,90,3,0
48,1,2,Asian,15,1,29.638026647754300,40,69,53,2,0
26,0,2,Black,6,4,7.861357330843550,76,54,73,1,1
50,0,3,Asian,14,3,47.8830730308296,30,56,66,1,1
24,1,3,Asian,2,2,18.59648853658880,84,86,35,3,0
41,1,2,White,4,4,23.307462822858500,31,96,62,1,1
48,0,2,Asian,15,1,34.583011549894900,53,15,24,1,0
42,1,1,Asian,9,2,17.695123576327700,97,23,85,2,0
22,1,1,White,3,1,13.712958049446500,71,68,47,1,1
31,0,3,Asian,9,5,32.55246966351100,58,40,38,3,0
45,0,2,White,4,3,2.249204114092470,40,76,46,2,0
35,1,4,Black,4,5,37.03625560133390,65,46,93,2,0
38,0,3,Asian,5,3,26.701168493825500,95,75,20,3,0
37,0,1,White,13,4,31.28768652604670,53,68,29,2,0
41,0,2,Asian,9,2,32.59400796234430,39,100,91,2,0
44,1,2,White,11,4,27.352507824628200,27,30,30,2,0
48,1,2,White,9,3,30.1266888720368,36,91,25,2,0
33,0,3,Asian,12,3,35.18941004449370,64,91,21,2,0
47,1,3,Asian,12,3,38.65594235898370,73,29,20,2,0
34,0,3,Asian,10,1,37.37261956430600,54,17,0,3,0
34,1,2,Hispanic,5,2,44.48082288661310,3,43,36,2,0
36,0,1,Asian,15,4,10.472171658370100,98,26,76,3,0
49,0,3,Asian,7,4,21.05739847458990,9,98,84,2,1
33,1,1,Black,7,5,48.38980330072290,46,25,45,2,0
49,0,2,Black,10,3,20.829528719316500,74,59,8,3,0
39,1,1,Asian,8,3,7.243503845296130,13,17,16,1,0
24,1,2,Hispanic,7,3,27.272256318109000,37,96,46,2,0
31,0,1,White,12,4,6.474548627723110,11,88,84,2,0
35,0,2,Asian,10,5,11.14266193639330,44,55,94,2,0
45,1,4,White,1,1,50.91593782854780,16,30,58,1,0
45,0,1,Asian,13,2,28.0681319198066,79,100,53,2,0
35,0,1,Hispanic,13,1,15.202919452021500,34,58,85,2,0
40,0,2,Asian,11,4,50.7387477286953,65,1,11,2,0
20,1,2,Asian,10,4,14.02015543939540,66,60,52,2,0
49,1,1,Asian,14,4,42.9199819046095,28,62,15,3,0
24,0,2,White,0,2,35.347071750175500,19,17,4,2,0
42,0,3,Asian,9,2,45.655687066123600,13,16,72,2,0
45,1,4,Asian,1,5,35.47085669356620,33,97,45,2,0
29,0,2,White,1,5,15.189897152077500,48,38,13,1,0
41,1,3,Asian,11,1,35.693158093786600,53,70,43,2,0
24,1,1,Black,2,2,16.290675564183200,30,53,62,2,0
30,0,2,Asian,6,2,31.9873927245783,41,93,51,3,0
39,1,3,Hispanic,1,5,4.870577599237530,57,75,25,2,0
50,0,1,Asian,13,4,26.641768121757100,81,34,52,1,1
29,1,1,White,15,3,18.165048459787000,29,10,28,2,0
45,0,2,White,0,5,17.428531636614700,24,60,18,2,0
38,1,2,Asian,15,2,31.112815118862900,62,43,46,2,0
45,0,2,White,13,5,17.116241223471200,18,67,7,1,1
27,1,2,White,5,1,39.84468741024360,71,24,22,2,0
43,0,1,Asian,8,2,4.539571800558720,91,47,34,3,0
41,0,2,White,14,1,34.019412619791300,7,31,94,2,0
32,0,3,Asian,2,2,41.45974018283710,94,83,52,3,0
23,0,2,Asian,5,5,34.6415844960215,2,94,98,3,0
35,1,1,White,2,4,25.86145975099980,66,3,95,1,0
43,1,2,Black,13,3,48.51535068680910,85,37,57,2,0
35,0,1,Asian,12,1,15.99692448990320,80,62,4,2,0
42,1,4,White,0,5,1.958394376248890,99,46,15,1,1
38,0,1,Hispanic,13,4,22.599468573172000,16,0,16,2,0
36,0,3,White,12,5,2.6505967950163600,13,2,31,2,0
47,1,4,Asian,15,1,48.69683762632040,8,100,95,1,1
46,0,3,White,11,3,11.495902287402600,61,85,51,3,0
39,0,2,White,4,5,40.446351197444000,93,61,19,2,0
43,1,3,Asian,9,2,39.72860415871820,20,63,65,3,1
31,0,4,Asian,13,4,11.886444984146700,75,16,83,2,1
37,0,2,Asian,12,5,32.061326524008400,36,77,81,3,0
32,0,2,Asian,10,4,3.4039484243225100,95,61,0,2,0
47,0,2,Hispanic,3,2,25.178729285193400,10,34,57,1,0
20,1,2,Hispanic,6,3,1.7323563636243400,19,12,92,2,0
20,1,2,Black,5,3,47.05719400904210,34,34,92,2,0
48,1,2,Asian,9,2,49.80430120997860,52,42,82,2,0
38,0,2,Asian,6,4,12.114138331929300,46,1,43,2,0
30,0,1,Asian,4,5,11.40530172981860,74,55,5,1,1
44,1,1,Black,14,2,38.68600882810650,51,76,49,2,0
38,0,2,White,14,1,13.668969941466700,7,50,71,2,0
22,0,1,White,1,4,45.75382795809230,3,53,87,2,0
41,0,2,White,15,3,29.69645680614910,26,15,19,2,0
20,0,2,White,6,2,18.538881150515600,43,17,13,3,0
27,1,3,White,6,3,42.634687317471000,39,6,4,2,0
29,1,1,Asian,5,4,25.67033502066980,46,44,40,2,0
30,1,2,Hispanic,7,3,46.58164568542380,93,35,39,3,0
31,0,3,Asian,3,2,47.40071183646910,43,40,33,2,0
48,1,2,Asian,9,4,9.271007606420470,47,93,79,1,1
32,1,1,Hispanic,4,1,1.1161703065965100,90,41,44,1,0
31,0,3,Asian,3,2,50.19654700712010,84,6,70,2,0
50,0,3,Asian,11,5,46.30687680637400,51,14,79,1,1
33,1,2,Asian,0,2,3.772261785192070,83,59,70,2,0
35,1,2,Hispanic,11,4,42.651713197053500,67,39,26,1,0
48,1,4,Asian,7,2,23.89024662796030,10,82,77,1,1
38,1,2,Hispanic,0,1,13.94808025124880,76,36,77,2,0
37,0,2,Asian,4,1,44.937326183846500,72,65,43,3,0
38,1,3,Asian,14,5,10.833361619515400,3,54,32,2,0
42,1,2,Asian,5,3,48.36499997100340,75,76,32,3,0
36,0,2,White,5,4,11.281074384967100,72,94,43,3,0
45,1,2,Asian,12,4,31.684159386437200,76,79,19,1,1
27,0,3,Asian,4,3,12.154316726448700,47,55,35,2,0
48,0,2,Asian,15,1,28.283433248431700,25,43,6,2,0
45,0,2,Asian,2,1,35.19875649575710,76,56,31,3,0
29,1,2,White,14,2,10.511396541006900,38,5,66,2,0
45,1,2,Asian,4,5,27.04428913503400,91,91,38,3,0
49,0,2,Asian,11,5,24.45298721950600,57,31,92,1,1
21,1,3,Asian,7,5,4.551871070167060,18,73,23,1,1
38,1,2,Asian,13,2,41.91539088376520,87,17,85,2,0
28,0,1,Asian,1,5,17.784120032142100,82,67,69,2,0
26,0,3,White,4,3,29.729109877594000,36,72,47,1,0
23,1,1,Asian,5,2,26.73921174665670,76,6,86,2,0
45,0,4,White,8,3,26.663025228522100,57,7,53,1,1
40,1,1,Hispanic,7,2,6.361119710424370,27,63,37,2,0
37,1,2,Hispanic,11,5,22.17410046246660,65,6,73,3,0
34,1,1,Hispanic,10,3,23.61833796032850,9,40,79,3,0
30,1,4,Asian,7,3,37.68214201822240,85,39,74,2,1
48,0,2,Asian,7,3,43.00094159603490,76,2,31,2,0
43,0,1,Black,14,2,28.2491139050009,57,16,44,2,0
35,0,2,Asian,12,4,5.339147703249520,72,65,60,1,1
44,0,1,White,6,5,12.842473529827300,96,78,69,2,1
48,1,4,White,12,4,7.230753159456240,83,51,96,3,1
44,0,2,Asian,5,5,19.29496493089040,14,21,52,3,0
23,1,3,White,1,5,12.469675107719100,95,3,50,2,0
29,1,2,Asian,1,3,11.915155590575600,32,5,75,2,0
24,1,2,Hispanic,7,3,3.7346587288133800,16,37,55,1,0
33,0,1,White,10,2,1.883502239771690,23,25,26,2,0
43,0,2,Asian,0,4,6.13841213248909,29,10,37,2,0
22,0,3,Asian,5,4,9.609873971181650,61,89,61,2,0
45,0,2,White,15,5,26.526013064942200,61,87,63,3,0
35,0,2,White,5,3,8.029595908668280,46,91,76,2,0
43,0,2,Black,15,5,22.239167076209300,15,98,29,3,0
37,0,4,Black,10,5,18.08744211629640,65,30,48,3,0
36,0,2,Asian,3,3,10.1711821748978,80,76,40,3,0
36,0,2,Hispanic,11,1,1.3420374074181800,95,34,12,1,1
43,1,3,Asian,3,4,24.350893326087100,22,15,33,1,0
42,1,1,Hispanic,12,5,35.282587463260000,7,78,99,2,0
49,0,1,Asian,14,5,12.313866707190400,2,17,93,1,1
35,0,2,Asian,10,1,7.590341494833970,11,100,24,2,0
39,1,4,Asian,15,2,45.35213722234810,83,61,65,2,1
36,1,2,White,12,1,14.751238624389900,15,26,99,2,0
42,0,2,Asian,9,1,12.180630989633200,77,34,17,1,1
32,0,2,Asian,2,5,43.85484698049580,79,44,4,3,0
42,0,2,Asian,12,4,41.85535495833810,58,34,18,1,0
44,0,2,White,10,1,23.41732352623170,48,27,41,2,0
22,1,2,Asian,1,2,25.461943071388700,62,8,17,2,0
48,0,2,White,14,3,11.887435241701100,61,75,31,2,0
39,0,2,Asian,14,1,4.9150835239778700,48,14,20,2,0
39,0,2,White,15,1,29.671591267783100,50,20,9,1,0
36,0,2,White,12,2,5.917246079510660,32,51,36,2,0
49,1,3,Asian,12,4,23.463727347832500,29,34,48,1,1
39,1,1,Asian,0,1,48.02485992565050,58,96,85,1,1
35,1,3,White,2,1,48.64171945852920,75,50,12,2,0
44,0,3,Asian,3,4,12.96661432736790,14,82,54,2,0
41,0,2,White,10,2,32.20567100228270,81,54,16,2,0
32,1,2,White,10,1,24.703813205392900,91,86,8,2,0
46,0,2,Asian,4,4,44.7842563793053,22,76,87,3,0
38,0,2,Asian,2,1,14.57154321380270,77,43,43,3,0
36,1,2,Asian,5,3,1.1851203416208400,93,64,77,2,0
32,1,1,White,10,5,9.128060296570760,96,92,45,1,1
31,1,2,White,13,3,18.476140058469900,44,87,7,2,0
48,1,3,White,14,1,16.78605648852440,61,79,36,1,1
34,0,2,Asian,11,2,40.5681459561443,78,24,18,2,0
38,0,3,Asian,15,5,35.02803330694190,70,86,62,2,1
31,1,2,White,4,3,15.977815980744900,14,91,91,2,0
28,0,3,Black,2,4,23.887190858310700,45,46,45,2,0
26,1,2,Asian,5,2,5.777955197916760,63,79,93,1,1
47,1,1,Asian,5,3,45.90732224100500,45,55,70,2,0
38,0,2,Asian,14,4,47.77124122242670,55,37,25,2,0
50,1,1,Black,13,1,49.990176769046900,43,10,45,2,0
39,0,2,Black,7,4,44.42764153929190,74,66,45,2,0
38,0,4,Hispanic,1,3,9.698044384811280,28,14,74,2,0
45,0,1,White,0,3,3.3098241600814400,94,0,13,2,0
36,0,2,Hispanic,15,1,29.9798363706337,61,6,84,2,0
35,1,3,Asian,3,4,46.63025134415550,88,0,62,1,1
40,0,3,Asian,15,4,9.867568082987150,51,48,71,1,1
24,1,2,Asian,6,1,1.352145731207090,53,95,2,2,0
43,1,2,Asian,14,4,41.27480230161220,87,72,27,1,1
47,1,2,White,15,1,4.8397842143367,56,28,28,2,0
44,1,2,Hispanic,10,2,21.68530159550150,82,25,86,2,0
39,0,3,Hispanic,9,3,34.94436685943930,65,86,17,3,0
46,0,4,Asian,2,2,12.839879272809000,21,44,34,3,0
40,1,3,Hispanic,2,5,5.198128172336340,19,92,76,1,1
46,1,3,White,15,5,39.50106142279140,32,96,75,3,1
40,0,1,Hispanic,4,5,32.508754244352100,71,70,46,2,0
42,1,3,Asian,4,1,50.42452422434020,24,11,4,2,0
35,0,3,Asian,12,4,18.21540166599800,45,94,74,1,1
44,1,1,Asian,9,2,4.088119314509990,72,31,58,3,0
26,0,3,Asian,2,2,37.71750176676480,97,19,74,1,1
32,1,2,Asian,8,2,27.08667094266230,56,50,58,3,0
40,1,2,Asian,3,2,11.660196569456800,86,80,46,1,1
39,0,3,Asian,12,5,40.08644945023800,4,35,94,2,0
45,1,2,Hispanic,12,2,11.187774292497200,54,66,94,2,0
46,1,1,Asian,14,4,14.03308274164680,60,0,12,1,0
33,0,2,Black,2,5,5.6264277183359600,88,26,77,1,1
50,1,2,Black,10,2,20.97161395154270,7,39,88,2,0
45,0,4,Hispanic,1,1,21.946461196870900,15,96,32,1,1
24,0,2,Asian,9,3,26.72808951741490,47,83,96,2,0
35,1,2,White,12,3,36.44821335618890,60,13,61,2,0
42,1,3,Asian,10,3,46.30504643402130,14,99,78,3,1
48,1,2,White,8,5,7.886704944390430,64,68,15,2,0
30,1,2,Hispanic,3,2,3.717404917432850,21,86,43,1,0
39,1,2,Asian,15,5,1.9265616797166600,2,78,57,2,0
37,1,3,Asian,2,4,8.181068903440810,53,5,5,1,0
34,1,2,Asian,6,1,33.897474289081300,13,32,88,3,0
31,0,2,White,7,1,37.37385389982480,35,54,14,3,0
32,1,1,White,10,3,40.32528567640610,81,18,3,2,0
29,0,1,White,4,3,13.185410595217100,31,66,55,1,0
45,1,1,Asian,1,3,16.294740663076000,66,28,63,3,0
31,1,1,Black,6,2,25.156732278275000,9,60,67,3,0
36,0,2,White,11,4,4.159154843011330,48,69,93,3,0
48,1,3,Asian,4,4,31.557076160562300,64,78,33,3,0
45,1,2,Asian,16,4,50.18675168378790,90,79,90,2,1
26,0,3,Asian,3,4,19.040315568900100,26,23,34,1,0
33,1,4,Asian,4,3,38.6423737545692,26,22,55,2,0
32,1,3,White,2,1,26.0016957784804,74,9,31,2,0
27,1,2,Asian,4,3,7.390592218019140,4,53,8,2,0
35,0,2,White,11,4,30.11187244012930,70,40,62,2,0
28,1,2,Black,1,3,15.993713422203200,82,48,71,1,1
37,1,1,Asian,3,4,2.7201604226729100,56,16,77,2,0
46,1,2,White,5,5,32.74648650588720,92,55,32,2,0
45,1,4,Asian,0,1,43.94661746623640,14,44,86,1,1
21,0,3,Asian,9,5,18.23848834499370,98,29,20,2,0
24,0,2,Asian,3,2,20.51477736063850,100,43,54,3,0
48,1,2,White,5,3,45.55108414836060,75,73,75,3,0
24,1,3,White,8,2,41.680440668367800,29,54,56,2,0
36,0,1,Black,13,3,36.747641177588900,19,18,1,2,0
38,0,2,White,10,5,13.439853187657400,36,28,12,1,0
40,1,3,Asian,15,4,46.51083274833220,2,1,3,2,0
35,0,2,Asian,10,4,8.72078787696065,72,35,83,2,0
36,1,1,Asian,12,3,32.33852597086110,40,18,49,2,0
22,0,2,White,1,4,2.440059027325940,38,6,47,3,0
41,0,3,White,10,5,33.18599031624730,25,25,77,2,0
39,0,2,Hispanic,6,4,14.857217593668000,1,78,29,1,1
36,0,2,White,5,5,23.483848859186,22,37,28,1,0
50,1,2,Asian,1,2,18.263227602852700,22,2,7,2,0
26,0,2,Asian,7,5,9.637837812310500,84,79,11,2,0
44,0,2,Asian,6,1,32.09903950469370,15,65,40,3,0
32,1,3,Black,10,1,45.09877775703040,8,94,25,2,0
26,0,1,Asian,4,1,48.95421211412020,12,91,49,2,0
34,0,3,Asian,11,3,10.617318157695800,27,70,1,2,0
25,1,1,Asian,4,3,36.86863870314870,26,93,54,2,0
47,0,2,White,6,3,34.21696833028410,50,42,55,2,0
50,1,1,Asian,8,5,18.168889478728600,63,61,13,2,0
38,1,2,Hispanic,10,3,1.954959967686290,51,70,5,2,0
48,1,2,Asian,14,2,35.48956236564330,80,99,94,1,1
31,1,2,Asian,8,1,48.274743027975000,37,92,80,3,0
41,0,1,Asian,8,5,32.60600609578260,99,23,88,2,0
26,1,2,Asian,5,1,22.764636209381700,64,38,60,1,0
46,0,1,Asian,9,3,27.257694705581400,17,67,95,1,1
29,0,3,Asian,5,5,10.981440382995900,62,92,11,1,1
45,0,4,Asian,2,4,38.52720818768690,50,43,12,2,0
38,0,2,Asian,0,2,38.320991500492500,8,4,18,1,0
26,0,2,Asian,15,3,8.275865019371250,12,54,43,1,1
49,0,2,Asian,6,3,44.89891912498300,39,92,88,2,0
27,0,1,White,3,2,14.459486973665300,54,29,94,2,0
32,0,2,Asian,0,2,50.11280304683070,78,28,58,1,0
38,0,3,Asian,14,4,20.145150701862300,42,25,36,2,0
37,0,2,White,7,3,9.894202936724980,43,82,24,2,0
47,1,1,White,11,3,18.586005567282600,67,25,15,3,0
49,1,3,Asian,5,1,23.009016434859700,32,36,37,2,0
45,1,2,Hispanic,5,5,4.465388651914740,23,90,42,1,0
39,0,3,Asian,1,5,29.91091906116450,35,93,86,2,0
47,1,2,Asian,14,1,30.881621993445000,9,52,13,2,0
27,1,2,White,0,5,37.94652276747360,99,29,5,1,0
48,1,1,Asian,12,2,2.4584946145371600,19,2,88,3,0
50,0,1,Black,13,5,28.061910721691500,74,42,22,2,0
38,0,4,Asian,13,5,3.6453716635332200,11,6,59,3,0
26,0,2,Asian,1,1,36.05721099833270,61,48,11,2,0
20,0,4,Asian,3,4,3.786399285049220,17,72,12,2,0
22,1,2,Asian,1,5,46.58639241708160,93,40,99,2,0
52,1,1,Black,15,5,36.104128344224800,100,76,97,2,1
47,1,1,Asian,0,4,26.369488254257900,62,78,5,2,0
49,1,2,Asian,6,1,23.075196164058700,83,53,62,3,1
44,0,4,Asian,10,4,7.53363152066312,24,68,37,2,0
50,0,2,Asian,10,1,15.549969478233200,11,92,49,3,0
47,0,2,Asian,14,2,44.44795525104480,20,98,51,3,0
36,1,2,Asian,11,1,46.2226405781247,24,90,39,3,0
44,0,1,Black,7,2,1.0373854185265500,10,26,7,2,0
43,0,2,Asian,5,2,30.706819573877600,63,7,60,2,0
27,1,1,Asian,3,1,36.96503045125570,72,31,7,1,0
41,1,3,White,13,3,31.937349122880300,49,83,96,2,1
40,0,2,Asian,5,1,5.083988243317700,61,63,33,1,0
25,0,2,Asian,2,5,11.886244939945100,88,9,78,1,1
45,0,2,Hispanic,11,5,13.517013369069300,98,12,99,1,1
31,0,2,White,7,3,42.58623156525450,95,62,59,3,0
32,0,4,Asian,9,2,24.159971815446000,48,92,56,3,0
37,0,2,Black,13,3,25.34141059706180,13,34,98,2,0
48,1,1,White,12,5,47.744652327725400,0,60,45,2,0
34,1,2,Black,12,3,32.85429444273580,80,53,21,2,0
40,1,1,Asian,1,1,45.93338507763320,24,7,86,2,0
35,0,1,Asian,4,3,23.825442767076600,58,28,39,2,0
41,1,4,Asian,0,2,8.471812925914710,71,94,44,2,0
40,0,3,White,5,1,47.49677970370430,68,40,54,2,0
30,0,4,Asian,1,4,23.935255783376900,4,29,50,2,0
47,1,2,White,3,5,10.081571093941100,98,85,85,2,0
24,0,2,White,5,5,16.11978701519610,18,20,4,2,0
23,0,1,White,9,3,3.540129484447110,22,75,94,3,0
34,1,2,Asian,10,1,24.415029572819300,8,10,12,1,0
38,1,3,Asian,7,4,43.65640859551180,93,1,27,2,0
39,1,2,White,11,1,47.679022800334500,49,49,83,2,0
44,0,3,Asian,7,5,47.630110375182200,15,40,96,1,1
37,1,3,Asian,10,1,7.261501281437340,32,65,79,2,1
34,1,1,White,5,4,20.102694125552800,1,97,61,1,1
28,0,2,Asian,3,3,2.4114379825353200,13,2,92,2,0
36,1,2,White,7,2,43.75826724857360,0,79,86,2,0
33,1,2,White,12,1,18.93778810106370,89,50,23,2,0
34,1,3,Asian,7,2,32.555851394611700,57,67,97,2,1
50,0,2,White,9,5,36.74492190386440,88,86,6,1,1
52,0,1,Asian,13,3,22.49223348715780,15,83,37,2,0
40,0,2,Hispanic,0,3,16.32211682751220,78,24,36,1,0
41,0,4,Asian,15,1,49.11064550579720,89,29,67,3,1
41,1,1,Hispanic,3,3,49.22441125119270,46,81,97,3,0
25,0,3,Asian,3,1,15.471818401501100,43,10,41,2,0
35,0,2,White,6,1,24.981254837222900,79,92,85,3,1
42,1,3,Hispanic,15,2,49.64220793300110,13,16,4,2,0
44,1,3,Asian,13,3,1.243420382775160,92,25,63,3,1
37,1,2,White,13,1,21.63391241895750,23,22,49,2,0
32,0,2,Black,10,2,6.022877484048420,54,55,86,1,1
29,0,3,Asian,6,4,26.45789827813010,14,51,14,3,0
39,0,2,Asian,15,2,2.2334977270243600,82,47,94,1,1
27,1,3,White,4,2,21.34492156953140,41,19,53,1,0
33,1,1,White,10,1,12.034953739266800,33,1,52,1,0
43,0,3,Asian,14,5,27.66541812293700,1,87,24,2,0
43,1,3,Asian,7,5,50.79968245503500,26,30,88,2,0
47,1,4,Asian,15,5,41.02680525633740,73,26,84,2,1
40,1,1,Asian,10,2,43.28210458122110,98,1,8,3,0
27,0,2,Asian,4,1,32.763249367954000,86,77,37,1,1
45,1,2,White,6,3,3.077992413612930,71,3,21,3,0
47,1,2,Asian,7,2,11.339883802207200,91,12,86,3,0
44,0,2,Black,15,2,47.25322782235280,22,99,48,1,1
45,0,1,Hispanic,14,1,19.30565589643760,67,34,67,2,0
30,1,3,White,8,4,6.181836324039780,13,71,92,3,1
45,1,2,Asian,2,2,36.1202682933101,62,65,14,2,0
47,0,1,Asian,2,4,15.972886196712700,92,5,64,2,0
37,0,2,White,3,4,14.442845645208600,64,30,53,2,0
47,1,2,Asian,4,5,50.89887277791300,67,9,29,2,0
47,1,1,Asian,7,1,43.90694625133270,27,20,52,1,0
24,1,4,Asian,0,4,21.396890918392100,95,73,19,2,0
36,1,4,Asian,14,1,50.013060390825000,96,22,32,1,1
52,0,2,Asian,14,5,33.50566117096070,89,2,99,2,0
46,1,1,Asian,6,1,38.10112259398800,80,31,85,3,0
41,1,3,Asian,8,2,2.5756521541105800,86,19,76,2,1
50,0,2,White,7,4,7.080262967402860,63,73,6,3,0
36,1,2,Asian,14,1,32.65425632481190,31,28,7,2,0
38,0,2,Hispanic,14,3,45.951199132474200,78,51,27,2,0
20,1,2,Hispanic,4,1,32.18718630437980,12,45,44,2,0
40,1,2,Hispanic,13,4,7.701244715949590,65,33,72,3,0
39,0,2,Asian,13,5,6.788002312316230,18,100,88,2,0
32,0,2,White,3,5,43.20929479120410,23,83,79,1,1
47,1,4,Hispanic,4,4,7.965116935395720,34,40,63,3,0
35,1,2,Asian,6,2,27.01159802520130,10,71,10,2,0
48,1,3,White,4,2,2.8556659981151100,58,70,30,1,1
32,0,3,White,6,5,5.033488369558870,85,69,11,2,1
33,1,2,Asian,11,5,34.61741338214320,14,10,94,3,0
22,0,2,Asian,0,4,35.459070521375800,9,81,77,2,0
48,0,2,Asian,0,2,18.07347033042210,40,92,50,2,0
39,1,2,White,15,5,11.780488262152200,26,88,43,3,0
37,0,3,Asian,9,2,41.6855135378654,59,62,95,2,1
38,1,2,White,13,5,11.855161473494500,72,20,49,2,0
45,1,4,Asian,12,1,28.101353483319000,51,2,16,1,1
34,1,1,Asian,2,3,49.410442043145300,27,81,34,1,0
44,1,1,White,13,1,8.39262189311919,64,87,0,2,0
32,1,2,White,10,5,48.04381337473540,16,9,28,3,0
29,0,2,Asian,1,3,10.144652653433400,94,26,50,1,0
43,0,2,White,1,3,29.372160401161500,43,11,63,2,0
49,1,2,Hispanic,6,5,19.85038559793720,9,6,3,1,0
37,1,2,Asian,11,5,49.2464300750913,62,16,86,2,0
46,0,1,Hispanic,9,2,14.677101450096800,100,64,27,1,1
32,0,4,White,1,5,20.982900104287700,92,63,15,1,1
32,0,2,Hispanic,10,4,50.14300589277100,81,25,62,1,1
42,0,3,Hispanic,3,5,27.82351955942370,46,14,75,2,0
43,1,3,White,1,4,26.131505781062700,37,32,52,2,0
20,1,4,Asian,5,5,13.888924410199600,69,61,84,1,1
41,0,1,Asian,7,2,36.06817801552210,75,100,16,3,0
20,1,3,White,9,4,1.718647588888880,52,46,39,1,1
42,0,2,White,15,1,3.4756314851146800,77,94,12,2,0
34,1,2,Asian,3,4,30.967929356790100,43,34,51,3,0
36,0,2,White,14,2,18.083728690922700,73,64,57,2,0
30,1,3,White,4,4,48.66581861004800,53,71,95,2,0
40,0,2,Asian,3,5,46.15953453613930,19,75,36,1,0
45,0,3,White,2,5,36.68531293383540,78,82,78,2,1
50,1,2,White,4,2,41.90727905639010,30,24,75,2,0
44,0,3,Asian,13,3,34.366592483384700,6,56,60,3,0
41,1,4,Hispanic,3,5,7.279105135508040,27,31,46,1,0
46,1,2,Asian,7,1,39.277168484460100,9,62,33,2,0
46,0,4,Asian,7,2,11.50959843594230,9,11,69,2,0
36,1,1,White,7,4,17.172142755009800,38,62,16,3,0
34,1,1,White,11,4,41.96171060512100,27,76,19,1,1
20,1,1,Asian,7,1,27.82628041967240,29,91,72,3,0
21,1,2,White,6,5,43.99703570917050,36,0,58,2,0
28,1,2,Asian,7,2,11.65176599216320,66,50,68,2,0
34,0,1,White,10,1,31.38892193034440,42,69,86,1,1
50,1,1,White,13,5,5.189548627413080,78,7,32,2,0
56,1,4,White,15,2,33.15304967700150,84,67,77,2,1
40,1,3,Asian,7,4,39.126701888776700,51,4,16,2,0
35,1,3,White,8,2,30.246544698936100,43,38,46,1,0
42,1,3,White,13,3,14.311575074940500,55,85,82,1,1
29,0,3,White,7,2,2.567133442943340,75,91,96,3,1
47,1,1,White,11,3,6.972444198214290,67,38,0,3,0
36,0,2,White,9,2,32.11514895370130,8,22,12,2,0
24,0,3,Asian,2,3,47.721010842125700,41,67,26,1,0
50,0,2,Asian,11,4,11.32672019860030,22,51,69,2,0
24,0,2,Asian,0,5,37.75130745525490,62,3,58,2,0
25,1,1,Asian,3,3,44.322553162452100,60,46,5,3,0
22,0,2,White,12,3,27.044108922375600,39,20,96,2,0
40,0,2,Asian,12,4,34.463289792182900,43,100,93,3,0
42,1,2,Asian,6,3,41.75076583380740,25,55,48,3,0
24,1,2,White,3,1,14.03375788702970,23,65,22,3,0
40,1,2,Hispanic,4,4,15.84478371340220,50,58,9,1,0
31,0,1,Asian,9,1,1.0313758314228100,57,6,50,1,0
29,1,1,White,5,4,49.154706544890100,89,48,18,2,0
29,1,3,Asian,3,3,46.87724472981720,93,15,50,2,0
38,0,2,Hispanic,14,1,39.22841318797150,32,16,91,1,1
36,1,1,Asian,1,3,4.953801048832410,15,83,86,1,1
40,1,3,Asian,4,4,23.375144484975400,21,36,57,2,0
33,1,2,Asian,5,3,6.094587698577640,56,97,83,2,0
43,1,2,Hispanic,14,1,1.7960133631399300,61,74,82,2,0
33,0,1,Asian,7,1,31.809148260629900,81,33,41,2,0
37,1,3,Asian,14,3,49.04147085400940,70,32,90,2,0
38,1,2,Asian,7,2,46.14340117160750,89,25,56,2,0
32,0,2,Black,6,4,35.837740746770200,71,65,97,1,1
32,1,3,Asian,5,4,5.832029208243570,69,62,67,2,0
23,0,2,Hispanic,1,3,14.708201883615000,29,86,37,2,0
49,1,2,Asian,14,2,17.002836344264500,22,40,61,1,1
28,0,1,White,6,1,39.15750288727810,31,85,6,2,0
36,0,2,White,10,5,41.112458961755700,85,57,70,2,1
37,0,1,Asian,11,5,20.255306149496000,56,97,49,2,0
53,0,2,White,13,3,21.894199830880500,8,78,51,2,0
47,1,3,Asian,15,2,3.225451963808570,30,9,25,2,0
50,0,2,Asian,13,2,15.45683592093810,70,14,25,2,0
27,1,2,Asian,4,4,23.564258858882000,8,41,18,3,0
46,0,1,Asian,15,1,6.849152319262880,12,92,8,1,1
45,0,2,Asian,5,2,23.663373037751100,57,56,60,3,0
45,0,2,Asian,9,5,43.658790612890000,2,86,19,2,0
21,1,3,White,7,1,30.066050986252700,34,16,49,1,1
41,0,1,White,15,1,4.946492751920620,96,59,79,1,1
41,1,3,White,13,3,10.583565941513700,20,8,80,2,0
29,1,3,White,7,2,24.72721750792780,63,35,21,2,0
46,1,2,Asian,2,3,19.0743574910906,94,72,12,1,1
37,1,3,Asian,11,2,18.936350977304900,51,79,11,1,1
31,1,2,White,15,4,27.46337240717950,33,35,9,2,0
34,1,2,Asian,11,3,30.21979607947290,95,47,64,1,1
41,1,2,White,13,3,40.84307851380960,34,50,95,3,0
31,1,2,White,6,5,18.048328173124200,14,96,29,2,0
24,1,2,White,0,3,41.273314152029300,95,94,7,2,0
49,0,2,Asian,0,2,17.930561455631600,5,69,20,2,0
49,0,2,White,6,5,3.771649447061690,84,73,21,1,1
46,0,2,Hispanic,14,3,28.70938255023960,96,79,17,3,0
44,0,1,White,14,3,30.395116244740700,31,67,65,1,1
36,0,4,White,9,4,47.727012281093,51,21,47,2,0
35,1,3,Asian,8,3,37.30306630312370,82,76,43,2,1
50,1,2,White,6,1,46.88863262472200,96,79,8,1,1
34,1,1,White,9,5,46.41736051215050,27,92,66,2,0
42,1,3,Asian,4,1,31.228705512912100,94,5,53,3,0
34,1,3,Asian,7,5,27.388103266822400,84,25,25,2,0
24,1,3,Asian,1,4,28.872048358180000,97,74,84,3,1
40,1,2,White,8,3,49.91654038386240,63,87,93,3,0
33,0,2,White,5,3,39.658384587347900,78,92,91,2,0
35,0,1,Asian,12,3,6.313295239619790,77,2,99,2,0
30,0,1,Hispanic,8,5,39.92142033907,18,51,25,2,0
38,0,3,White,15,3,9.526902444911290,14,73,33,2,0
26,1,3,Asian,1,1,23.367527450281300,5,59,7,1,1
25,1,2,Hispanic,2,3,11.522983608826700,72,62,9,3,0
47,1,3,Asian,11,4,35.47915327666150,100,64,47,2,1
28,0,2,Black,7,1,44.865486809651800,83,51,54,2,0
25,1,2,Asian,0,3,15.518094268334000,97,89,53,2,0
39,1,2,White,14,3,5.100537060409380,37,75,77,2,0
21,1,4,White,9,2,15.924654903748200,25,13,39,3,0
37,0,1,Asian,14,5,34.61809289660970,81,88,14,2,0
49,1,4,Black,14,1,17.4380063777225,91,71,80,1,1
34,0,3,Black,14,2,14.905608377690200,50,67,17,1,1
46,0,1,Asian,6,4,10.221759529213200,72,27,95,3,0
38,0,2,Asian,6,5,25.875821343721700,95,70,22,2,0
50,0,3,Asian,12,1,14.79744140785940,52,9,61,3,0
21,1,2,White,0,3,37.55051745697420,55,56,45,1,0
39,0,4,Asian,15,1,4.831120099610140,58,99,86,1,1
44,0,4,Asian,8,3,34.201651655565900,69,65,98,1,1
28,1,2,White,7,5,12.878000728388500,77,89,38,2,0
20,1,2,Asian,3,3,25.463963052580200,91,49,14,2,0
43,0,4,White,9,4,15.30449610156300,57,13,52,1,1
34,1,2,Black,10,3,37.13843380053980,87,15,87,2,0
47,0,1,Asian,4,4,48.26535201258180,12,53,63,2,0
49,0,1,Black,1,5,46.85383897349070,42,42,62,1,0
42,0,2,Asian,12,5,30.171310757204600,75,41,91,2,0
29,0,4,Asian,15,1,24.13051516284890,50,80,79,2,1
38,1,3,White,8,4,41.91502547196910,18,21,15,1,1
36,0,2,Asian,14,4,35.1663181313865,20,67,69,1,1
38,1,1,Asian,11,2,10.178205710846600,90,18,65,2,0
48,1,2,White,11,2,42.04596068065000,82,65,12,2,0
23,1,3,White,5,2,22.444219469735500,23,38,46,3,0
29,1,1,Asian,2,3,10.449282998558800,25,72,8,2,0
43,0,2,Asian,11,2,15.089867519824600,44,18,62,1,1
36,1,1,Asian,6,4,14.376351512417100,27,15,33,3,0
29,0,2,Hispanic,8,3,26.960348730173000,81,53,80,3,1
36,1,4,Asian,2,5,12.718504533893800,99,24,90,2,0
47,1,2,White,15,1,7.178324370078810,28,17,28,3,0
39,0,2,Asian,1,2,7.184542530688040,16,22,36,2,0
43,0,2,White,15,5,30.16380985695480,67,84,42,2,0
24,0,4,White,6,4,37.73796444246890,43,10,85,2,0
21,1,1,Asian,6,1,17.07665044191700,60,38,63,2,0
25,1,2,Asian,3,5,2.7325354907008500,22,67,23,1,0
40,0,2,White,10,1,7.361244346850540,67,24,70,3,0
30,0,3,Asian,8,2,46.734728016852900,73,62,33,3,1
38,0,2,White,15,4,25.67718297947270,24,95,47,2,0
49,0,1,Asian,13,1,23.678640480758700,94,29,11,2,0
30,1,2,White,7,5,2.9024589155045500,66,44,22,1,0
34,0,3,White,12,2,37.43185111584500,1,89,78,1,1
35,0,1,Asian,12,2,27.403404046603900,88,60,96,1,1
30,0,3,Asian,0,5,11.10404680432600,48,99,12,2,0
38,0,1,Asian,0,5,6.503688009052860,69,50,86,3,0
34,1,2,White,4,1,20.16939318159990,25,97,95,1,1
44,0,2,Hispanic,5,3,42.85809820975130,71,8,44,1,0
42,1,3,White,2,2,44.264727960051200,98,75,98,2,1
42,0,2,White,12,1,31.142319019781800,26,1,64,1,1
35,0,3,Asian,8,5,37.37682136150710,88,4,46,3,0
50,1,3,Hispanic,11,1,6.757789370143520,17,61,57,2,0
30,0,2,Asian,9,5,30.40630327339270,53,68,4,1,1
41,1,3,Asian,13,4,34.34828517435910,0,51,76,1,1
35,1,3,White,14,5,11.03564214568960,60,85,4,1,1
27,0,1,White,5,5,45.00773664551300,2,4,59,2,0
25,1,2,Asian,3,5,10.749836876051000,67,58,95,1,1
32,1,4,White,11,3,16.67386799232250,40,67,20,2,0
23,1,1,Asian,6,5,32.02784235117290,36,8,23,2,0
43,1,3,Hispanic,5,2,32.917503256536500,30,42,17,1,0
44,1,4,White,3,2,35.96923704936840,14,21,20,1,0
36,1,1,White,12,1,6.600585653410280,7,26,53,2,0
43,1,2,Asian,15,3,43.47322149642780,37,9,9,2,0
46,1,2,White,10,1,27.642356614163000,82,79,23,3,0
48,0,2,White,5,2,24.566089705253400,55,60,84,1,1
37,0,1,Asian,14,2,50.05488122567550,46,50,88,1,1
48,1,1,Asian,5,4,38.018914847051000,89,9,59,1,0
45,0,2,White,7,5,6.900301330968740,9,5,56,2,0
38,1,3,White,11,2,38.82695836131200,77,61,22,2,1
38,1,3,White,4,1,5.762446698643470,48,4,21,3,0
40,0,2,Asian,13,1,2.3735281256492400,40,69,67,2,0
24,1,1,Asian,2,5,21.181294763494900,82,62,33,1,1
37,1,2,Asian,11,5,50.678908640960900,29,55,69,2,0
47,1,2,Asian,2,4,9.744196809743130,4,58,27,3,0
39,1,4,Asian,12,3,34.6322171763395,94,62,94,2,1
48,0,3,Asian,5,1,9.669803310305970,70,88,98,2,0
41,1,3,White,1,5,37.2393487479193,82,58,38,3,0
40,1,4,White,15,1,26.267683411891300,30,50,41,2,0
27,1,1,Black,5,5,34.998585504468800,51,49,22,2,0
28,0,3,White,5,2,11.14365879571170,57,3,39,1,0
38,1,2,White,12,1,38.2814166260251,97,47,79,2,0
28,0,4,White,5,2,50.780952981135300,22,31,1,1,0
31,0,2,Hispanic,7,1,34.282525031298000,47,50,23,2,0
45,1,3,Asian,6,3,25.673999903643900,39,51,16,1,1
33,1,3,Hispanic,7,4,47.15869943096320,5,98,64,3,1
35,0,1,Asian,13,2,1.792592111593820,37,73,69,3,0
36,1,2,White,8,5,37.496175964291100,40,33,68,2,0
33,0,3,Asian,5,3,45.43732584069070,99,35,59,1,1
45,0,2,Asian,13,1,4.083729181047870,26,69,49,1,1
36,1,2,White,15,2,23.503208520787900,74,42,92,2,0
46,1,2,White,2,1,11.235972697499900,68,15,11,2,0
28,0,1,Asian,9,1,29.325908279391500,56,58,46,2,0
45,0,3,Asian,2,1,33.47714793018300,16,52,66,2,0
44,0,2,Asian,15,4,16.131159146437800,70,18,64,2,0
34,0,1,Asian,10,4,23.999083483905000,90,97,26,2,0
44,1,2,Black,11,5,14.966974263828000,46,88,47,2,0
41,1,2,Asian,0,2,19.469558222755700,78,94,87,2,0
34,1,1,Asian,10,3,8.97699783442118,12,40,61,2,0
43,1,2,Asian,14,3,45.27797217928160,10,80,43,1,1
49,1,2,Asian,12,3,1.5005205279568200,89,46,18,1,1
30,0,2,White,14,1,45.120459322189400,85,93,58,2,0
50,1,3,White,4,4,29.583943917486900,91,53,7,1,1
35,1,2,White,13,2,17.582892208850900,23,54,54,2,0
48,1,2,White,3,1,37.15285627301650,92,94,46,2,0
36,1,2,Asian,8,4,26.387607593133200,72,18,1,3,0
45,1,2,Hispanic,14,4,25.955432905380300,3,61,93,2,0
23,0,2,Asian,8,2,6.5071141459483200,45,98,93,1,1
20,0,2,Asian,14,2,20.475801297270400,17,92,38,1,1
27,0,3,Asian,13,2,13.053217292836800,42,58,44,3,0
36,1,2,Asian,4,1,1.7847952798139800,79,64,31,1,1
22,0,2,Asian,9,5,19.004981539105700,32,67,64,2,0
48,0,3,Asian,3,2,5.491106471280240,92,27,37,2,0
39,1,2,Asian,6,5,13.84150188625930,9,17,76,2,0
34,1,2,Asian,14,1,5.625831059154720,72,25,10,2,0
34,1,2,White,5,5,6.0470812778199400,58,18,9,2,0
50,0,1,Asian,3,3,10.950564720759400,30,54,58,3,0
43,0,3,Asian,12,5,50.99246222432000,27,56,89,1,1
41,1,3,White,12,2,1.1092071428624400,59,5,54,3,0
33,1,4,Asian,14,1,32.93363180602030,2,0,19,2,0
45,0,2,White,9,2,8.062184901327870,54,7,80,3,0
47,0,2,Asian,1,3,47.03140683553880,13,96,16,1,0
42,1,1,Asian,0,2,5.6816446666814600,57,50,67,1,0
33,1,2,White,3,2,48.753159356311800,88,84,4,3,0
43,0,2,Asian,3,2,31.546319374173900,14,87,59,3,0
35,1,4,Asian,12,4,1.0634038457745100,1,24,22,2,0
32,0,2,Asian,0,3,45.7003598958403,23,46,45,2,0
45,0,2,Hispanic,5,2,27.085590068345900,77,54,51,3,0
33,0,2,Asian,3,2,14.133486766524200,63,63,9,1,0
46,0,2,Asian,0,2,39.363958875781500,70,82,45,2,0
43,1,2,Asian,0,1,47.3332776943435,99,92,27,3,0
38,1,3,Asian,14,4,25.184541157339700,23,9,96,2,0
36,0,2,Asian,12,1,16.777673722155500,26,55,42,2,0
22,0,3,Asian,0,4,40.44725619674630,36,11,25,2,0
34,0,2,Asian,7,2,35.08927488942270,93,32,54,2,0
42,0,3,White,9,3,45.43762418751360,90,70,47,1,1
33,0,3,Asian,7,5,35.62570063805970,38,16,28,3,0
30,1,2,Asian,1,5,13.176416944976800,62,60,26,2,0
34,1,2,Asian,10,2,47.58296248795100,78,9,17,3,0
47,1,4,White,12,1,6.241787360299570,25,30,59,3,0
32,1,2,White,6,3,14.397137505342400,64,59,73,1,1
37,0,4,Asian,13,4,27.00973038619430,3,69,68,1,1
45,0,1,Asian,7,2,29.28710130354510,28,16,73,2,0
25,0,2,Asian,7,3,1.7655293313452700,0,49,20,2,0
32,0,3,White,10,3,40.028636291047,49,36,23,2,0
38,0,4,Asian,5,4,19.080365921269500,25,31,2,2,0
34,1,2,Asian,14,3,21.320927050106900,10,61,94,2,0
44,0,3,White,10,1,41.46847722184730,73,89,61,1,1
42,1,2,White,12,1,19.964169586377200,58,79,100,2,0
24,1,1,Hispanic,6,1,3.361243824737740,61,71,1,2,0
47,1,2,Asian,4,3,9.821988523517520,80,87,65,2,0
29,1,2,Black,0,1,48.795158619409100,35,76,41,1,0
34,0,4,White,11,4,4.520268120125710,55,28,33,2,0
44,1,2,Asian,8,3,18.746560048400800,89,31,41,1,1
36,1,2,Hispanic,12,5,26.15895835256720,20,87,19,2,0
46,1,1,Asian,15,3,25.664041366928000,12,79,96,2,0
41,0,2,Asian,6,4,1.1979971506071400,8,10,67,1,1
45,0,2,White,1,5,26.058136572874500,10,95,44,2,0
42,0,3,White,5,3,20.18862289887050,74,5,74,2,0
31,1,2,Asian,1,1,49.603966773727900,69,34,41,1,0
44,1,4,Asian,10,2,8.957954199691490,0,32,46,1,0
36,0,4,Asian,0,2,18.70770983797480,69,17,4,3,0
32,1,2,Asian,13,1,21.974074254491000,76,36,88,2,0
39,0,4,Asian,6,2,20.53467685504740,85,12,48,3,0
44,0,3,Asian,12,2,34.291541382593100,55,73,36,2,0
43,1,2,White,15,1,11.775642877388400,30,100,33,2,0
29,1,1,White,1,1,12.053577640699600,85,89,72,2,0
36,1,2,White,12,3,37.460547425042700,36,80,69,2,0
35,1,2,White,13,3,26.01452593390900,46,63,17,1,1
32,0,3,Asian,4,1,21.75778380286550,40,0,37,2,0
37,0,2,Asian,1,4,9.460152583862590,77,62,18,2,0
34,0,3,Hispanic,12,2,10.37636114560830,46,88,77,1,1
32,0,2,Asian,10,3,1.5275818407950300,68,33,39,1,0
34,0,1,Asian,4,2,5.571313443085460,57,9,16,1,0
41,1,4,White,13,5,28.84193473451210,35,83,59,2,0
21,0,2,Asian,4,1,45.593656500420500,31,6,98,2,0
36,0,2,White,15,4,15.358238256527900,97,55,92,3,1
27,0,2,Asian,6,5,17.387361294806400,63,79,41,1,1
27,1,1,White,0,5,6.7802805305756100,70,36,80,1,0
36,1,2,White,7,5,20.431547280355100,41,28,71,2,0
31,1,2,Asian,2,1,2.8610852284664600,47,11,64,3,0
38,1,2,White,3,3,46.88003481309500,73,16,52,1,0
39,0,4,Asian,14,1,34.65556740622640,80,47,99,2,1
28,0,2,White,8,3,50.53744046966090,29,83,6,2,0
36,1,2,Hispanic,14,5,45.14115813392470,20,25,4,1,0
25,1,2,Asian,9,5,24.64952968490760,59,82,23,2,0
39,0,4,Black,9,4,26.98425155751890,12,11,27,2,0
45,0,1,Asian,14,3,10.528802325859700,0,20,61,3,0
21,1,2,Asian,4,5,24.10196714197780,64,41,16,2,0
46,1,1,White,6,2,46.15139367464060,32,60,100,2,0
43,1,1,Asian,15,4,3.5426711817910600,37,57,19,2,0
46,1,3,Asian,3,1,44.17784014991550,24,53,2,2,0
35,0,3,White,13,4,18.047390082130500,25,33,36,2,0
25,0,2,Asian,0,2,45.97563825481550,76,6,89,1,1
24,0,2,Asian,8,3,48.043995317074200,58,34,14,2,0
44,1,2,Asian,3,1,34.5432443500953,91,14,50,1,0
20,1,4,Asian,8,1,34.221189329633900,32,64,47,2,0
40,0,4,Asian,5,3,23.637716885437000,100,89,7,1,1
41,0,2,Asian,14,4,42.777011227185400,40,98,12,2,0
40,0,3,White,0,5,49.08063792166420,29,24,47,1,0
35,0,3,White,11,4,39.75409001695600,56,58,2,3,0
25,1,2,White,2,2,32.09683668783550,48,78,64,2,0
42,0,2,Hispanic,12,5,31.33964479106680,47,85,72,2,0
35,0,2,White,1,4,43.47349507918310,71,5,30,3,0
45,0,3,Asian,15,3,28.06018828856490,48,51,25,2,0
49,0,4,Asian,8,2,41.19299431244110,46,78,80,3,1
36,0,3,Asian,15,2,26.444262758712300,55,87,55,1,1
49,0,3,Asian,14,2,4.122213748696210,64,20,33,2,0
49,0,2,Asian,11,5,20.19735044520780,11,70,8,2,0
49,1,3,Asian,0,1,23.222047883574900,68,92,61,3,0
53,1,3,Asian,12,5,8.08086224933086,87,95,12,1,1
43,1,2,White,13,4,6.12481645946064,5,31,68,3,0
42,1,2,White,8,1,27.773247482847700,88,52,40,2,0
37,0,3,Hispanic,12,4,5.257181827804110,64,58,76,3,1
42,1,1,White,7,1,16.1472583945042,24,68,0,2,0
25,1,3,White,3,5,38.22984879815380,0,31,48,1,0
38,0,1,Asian,10,2,49.22160897839900,31,3,46,3,0
50,0,2,Asian,13,3,36.89352902759640,2,85,3,3,0
34,1,3,Hispanic,11,2,50.631277422643500,48,17,99,2,0
24,1,2,White,0,5,35.916898563970100,18,98,62,1,1
23,0,2,White,10,1,15.689723532716400,59,80,51,1,1
43,1,2,Asian,7,2,34.60262702526810,28,55,9,2,0
50,0,3,Asian,9,5,36.107838259845200,49,23,27,1,1
25,0,1,Asian,13,4,19.58634923082300,1,65,5,2,0
24,0,4,Asian,2,3,1.8856925304694500,72,12,26,2,0
39,0,1,Asian,10,2,36.159989238774300,55,61,11,2,0
47,1,4,White,6,1,2.085004763777080,16,53,61,1,1
30,0,4,Asian,10,4,32.559403903003600,59,14,51,2,0
23,0,2,Asian,14,5,9.180824437127750,35,68,47,2,0
34,1,2,Asian,0,3,29.280176387402200,60,2,66,2,0
25,0,2,White,0,1,26.19565126903,16,36,45,2,0
41,1,2,Asian,15,5,1.6756821153091300,48,36,96,2,0
36,1,1,Asian,9,5,19.14329084975520,75,100,73,2,1
49,1,1,Asian,12,2,31.054558369815100,59,2,94,3,0
43,0,1,White,4,2,43.43032759493900,19,62,14,2,0
25,1,2,Asian,4,1,45.43210569182590,49,34,70,3,0
38,1,2,Hispanic,7,5,25.192498501661200,2,51,35,2,0
49,0,2,White,6,2,37.42112436497190,42,86,13,2,0
44,1,4,Asian,7,3,16.822728826672900,56,27,77,1,1
26,1,2,Asian,5,3,18.10932028793290,49,93,2,2,0
34,1,2,White,5,5,10.723175959115700,67,17,66,2,0
30,1,2,Black,1,2,29.097405499662000,80,35,85,1,1
27,1,3,White,5,1,16.72820754636830,49,32,18,2,0
45,0,4,Asian,4,1,5.218544821925250,36,63,98,1,1
38,1,3,Asian,12,1,35.25030433315890,45,25,75,2,0
32,1,4,Hispanic,15,3,36.38766038026990,41,47,53,2,0
31,0,1,Black,2,2,18.999620938952900,14,39,68,2,0
28,0,3,White,5,2,4.83616997280114,32,16,9,3,0
28,0,3,Asian,7,3,22.314885870171300,79,39,32,2,0
45,1,2,Asian,8,1,23.116772902510800,10,6,12,2,0
41,0,4,Black,0,1,34.43354424489470,19,56,98,2,0
23,1,1,Asian,2,5,16.77081956293420,23,7,50,3,0
38,1,2,White,2,4,35.129963989065300,63,55,31,2,0
39,0,2,Asian,10,2,44.57442708786940,79,30,74,2,0
20,0,2,Asian,7,2,12.874302118110000,93,58,23,1,1
39,1,3,White,0,2,49.945977805995000,97,57,34,2,0
36,0,2,Asian,4,4,20.318406856840300,64,11,82,1,0
31,1,2,Hispanic,6,5,14.362934257353100,87,47,69,2,0
34,0,2,White,1,4,22.075559125514500,87,30,39,3,0
25,0,3,White,4,1,5.719873795192960,52,22,43,2,0
45,0,1,Hispanic,7,1,7.285295325605780,85,62,43,2,0
33,1,2,White,2,2,21.72170234841660,75,73,61,2,0
25,0,4,Hispanic,6,3,39.122226096955,16,38,98,2,0
35,1,3,White,11,2,46.01561197872450,88,75,67,2,1
49,1,2,White,10,3,34.24089953581360,91,19,32,2,0
30,1,3,Asian,0,4,6.260977761908490,60,100,76,1,1
50,1,3,Asian,5,1,34.60098810902680,14,47,55,1,0
23,0,3,Asian,2,3,32.7713960351486,93,70,35,2,0
32,1,2,White,7,4,41.28819591466660,50,53,53,2,0
30,1,2,Asian,5,1,42.26243333260900,26,77,18,1,0
34,0,2,White,11,3,44.410153788948900,85,74,42,2,0
24,1,2,Asian,1,2,21.706575728954900,73,70,11,1,1
25,0,2,White,5,2,35.893219767607200,60,28,10,1,0
37,1,1,Asian,6,2,14.412517946115500,57,73,69,2,0
43,0,2,Asian,4,4,50.966813999175200,30,92,11,2,0
29,1,2,Black,2,2,9.766712068843000,90,72,90,2,0
24,0,2,White,3,5,1.5057215830417900,11,99,40,2,0
42,1,3,Asian,3,1,8.4404357259088,45,47,24,3,0
29,1,2,Asian,5,4,39.79361447720630,30,73,2,2,0
31,0,1,Asian,9,2,23.339183825410600,31,82,2,1,1
21,0,3,Asian,0,1,23.375012390521400,31,55,83,2,0
32,0,1,Hispanic,2,3,48.75114598058340,38,44,27,1,0
27,0,3,Asian,3,2,46.981745401403700,52,16,22,3,0
31,1,3,Asian,9,1,16.559736890200500,60,8,47,1,1
39,1,2,Asian,12,5,11.452906439043300,45,96,66,2,0
25,0,3,Asian,3,3,43.424110496687000,84,33,41,1,1
50,1,2,White,9,5,46.30095355221820,73,44,87,3,0
37,0,2,White,15,1,28.079846139924300,79,87,39,2,0
28,0,1,Asian,0,5,32.47118555585500,6,8,5,3,0
36,1,2,White,8,1,13.845714234614700,3,6,19,1,0
28,1,4,Asian,3,1,41.04013439892620,90,15,10,1,1
30,1,2,White,6,5,32.60612142245120,51,18,95,1,1
34,1,2,Asian,11,1,26.17567556489980,88,5,26,3,0
43,1,2,Asian,13,2,4.005427803919790,30,10,20,3,0
25,1,2,Black,2,1,46.79674812555770,24,35,12,1,0
42,1,1,White,9,4,31.7725710192203,83,60,85,1,1
32,0,2,White,11,1,10.6345547346484,35,41,34,2,0
49,0,3,Hispanic,2,4,31.31930584915260,53,12,46,1,0
50,0,2,White,13,1,34.87316771199870,53,11,85,1,1
36,0,2,Asian,7,1,27.288516834161300,16,84,27,1,1
29,0,1,White,7,5,36.90508689780110,74,73,20,1,1
49,1,2,White,10,2,30.072697396431200,29,19,17,1,1
47,0,3,White,11,2,48.38847910160740,98,49,30,1,0
31,0,1,White,0,3,3.6848539299653400,21,35,59,2,1
37,0,1,White,9,5,6.312285423478030,42,91,36,3,1
33,0,2,Asian,1,5,9.683581847716990,26,87,20,2,1
40,0,3,Hispanic,15,2,35.50855353021660,36,68,13,2,0
43,0,2,Hispanic,7,5,33.279793637490400,45,36,88,1,1
30,0,2,Black,0,2,45.6029430104847,34,11,90,2,1
39,1,3,Asian,14,5,37.64387264419490,3,98,59,2,1
37,1,2,White,11,1,26.417774378229600,79,39,22,2,0
31,0,3,Asian,7,2,50.59158962318150,79,53,94,1,1
29,1,3,Asian,7,2,14.305397808465000,84,1,28,3,0
43,1,2,Black,15,4,42.6595829892727,25,49,46,1,0
23,1,2,Black,1,5,22.33951860969600,99,40,29,2,0
27,1,1,White,3,5,33.43675694378670,18,44,89,3,0
41,0,2,Hispanic,5,2,37.3634235226217,80,8,83,2,1
47,1,4,White,11,1,32.687704359516800,44,61,37,2,0
48,1,2,White,10,1,8.025365155429670,25,85,82,3,0
30,1,2,White,8,1,23.147550537396600,21,46,26,2,1
37,0,3,White,14,5,29.071918896656200,57,4,88,1,0
38,0,2,Asian,15,4,43.45218795892980,62,75,86,3,0
24,0,1,White,7,2,23.182287439928600,27,0,92,1,0
33,0,2,Asian,11,3,46.93736524021260,64,43,14,3,0
47,0,2,White,14,4,23.018711151260500,43,21,58,1,0
49,0,3,White,7,3,28.438992963150600,99,37,2,2,0
31,0,1,Asian,6,4,40.81428414714010,42,18,9,2,1
40,1,2,Hispanic,13,1,30.15338422110720,36,79,78,3,1
25,1,2,White,3,5,49.01090361914120,25,30,59,2,0
30,1,2,Asian,8,3,34.01679152570640,16,66,16,1,1
38,0,2,Asian,14,4,27.135472703380100,39,86,82,2,0
46,0,2,Asian,1,5,2.179598389039790,37,41,10,1,0
33,0,2,Asian,2,3,21.68664487901650,84,81,47,2,0
45,0,4,Asian,9,2,15.962420963008000,60,25,4,3,1
49,0,2,Asian,7,4,38.405283394374500,8,12,68,2,1
43,1,1,Asian,13,2,11.41388375767730,76,57,63,2,0
44,1,2,White,5,1,11.261004364703600,74,17,13,1,0
32,0,3,Asian,9,2,10.47595216186880,60,66,49,2,1
29,0,3,Asian,8,2,7.280780657811800,79,86,25,2,1
44,0,1,White,9,4,16.55035018354440,15,2,71,2,1
37,0,4,Black,3,1,45.296105722171300,1,54,68,1,1
52,1,2,Asian,15,2,39.74642361529780,71,88,6,2,0
29,0,1,White,7,5,37.762560815339700,42,90,15,1,1
31,0,1,Hispanic,9,3,40.86684028249810,41,57,54,2,1
27,0,1,White,2,2,14.470894466478600,76,62,77,1,0
33,0,3,White,2,1,45.37208453762440,56,90,100,3,0
38,1,1,Asian,7,2,7.86516875708022,80,51,55,1,0
48,0,1,White,2,3,17.817286335779100,47,38,3,2,0
25,0,3,Asian,2,1,30.337405948367100,66,23,99,1,1
20,1,2,Asian,9,4,6.145254417100030,29,71,47,2,1
42,1,1,Asian,10,1,37.50650938882120,12,8,16,2,1
50,1,1,Asian,15,4,20.362302410173700,18,36,35,2,0
34,0,1,White,0,1,40.220283280420000,6,93,69,1,0
36,0,2,Black,14,3,25.644814279230100,8,82,79,2,1
44,1,2,Asian,2,3,10.043726221266800,82,52,92,1,1
36,1,1,White,11,1,37.738090567767200,53,79,99,1,1
32,1,1,White,8,2,13.607197791947200,85,23,37,2,0
34,1,3,Black,4,3,25.54051506340210,81,20,100,1,1
42,1,2,Asian,11,4,4.77666345784538,60,99,61,1,0
30,1,2,Asian,9,4,31.893332720601800,86,39,47,3,1
37,0,2,Hispanic,14,5,34.292888310813900,1,61,9,3,0
40,0,2,White,1,4,19.93371049863920,49,69,35,2,0
27,0,2,Hispanic,6,5,48.72113901605370,74,68,28,1,1
36,1,2,White,14,1,44.70844607410340,30,13,77,1,0
38,1,2,White,1,1,36.39704578699970,32,41,3,2,0
26,1,4,Asian,3,1,36.682603724687100,77,49,43,1,1
38,1,1,Asian,11,2,13.620085747107600,79,60,55,3,0
28,1,3,Asian,6,2,33.84076155442250,10,3,41,1,1
25,1,1,White,3,5,10.910313261776000,32,71,99,3,0
28,0,3,Hispanic,6,4,8.200161195991110,6,87,12,2,0
26,0,2,Asian,15,4,50.97339471012900,30,74,45,2,0
38,1,3,White,6,1,32.11879657365870,47,16,81,1,0
42,0,1,Asian,15,3,22.549393632859500,46,84,32,3,1
29,1,2,Asian,0,2,15.408226144197600,77,56,20,1,1
39,0,2,Asian,5,2,31.19602218311140,91,89,79,2,1
34,1,3,Asian,8,1,3.4796754110043100,52,47,78,3,0
34,1,2,Hispanic,1,2,5.734049525239750,79,43,56,1,0
48,0,2,Hispanic,13,1,2.6428348870198200,18,44,68,2,1
20,0,2,Asian,2,5,25.95849166313310,80,90,69,2,1
39,1,2,Asian,9,4,31.03033145935910,89,79,66,2,1
49,1,2,Asian,4,3,4.123988067891040,5,89,47,2,1
26,0,1,White,8,4,37.061223374945800,48,32,75,2,0
46,0,4,White,3,4,12.51975357572820,72,30,99,2,1
23,1,3,White,0,5,35.2600726884933,49,46,32,2,0
48,0,4,Asian,3,2,50.09485700176230,80,5,35,2,1
25,1,2,Asian,5,3,35.55529350269260,94,71,32,1,0
44,1,3,Asian,4,2,45.159652646180400,11,70,30,3,1
52,1,3,White,13,4,48.40992533715340,22,33,20,3,1
48,1,2,Asian,12,1,25.337552417615800,53,52,26,2,0
24,0,2,Asian,0,4,36.11624897098530,68,13,90,2,0
46,0,2,Asian,3,2,43.598462677792100,99,15,71,2,1
42,0,3,White,5,4,18.830445643719300,58,42,100,2,0
47,0,2,Asian,12,1,14.069865828019700,35,72,61,2,1
49,0,1,Asian,14,5,48.32992863891690,2,73,95,1,0
23,0,2,Asian,9,2,37.3151750184409,57,80,25,2,1
41,0,4,Asian,9,4,11.984106668791300,87,11,65,1,1
36,1,3,White,13,2,23.45416963380570,54,69,11,1,1
29,0,4,White,3,5,40.822588476890500,56,18,21,2,1
39,0,2,Asian,14,4,28.353149545922100,16,40,16,2,1
46,1,2,White,13,4,33.497604908294500,38,52,6,2,1
29,0,1,Asian,8,2,38.68841010225260,89,28,67,2,1
26,0,1,Asian,4,2,32.10045944044900,67,69,36,3,1
41,1,1,White,7,1,28.00396609610980,54,58,37,2,0
31,0,2,Asian,8,5,38.48071421938870,44,88,95,2,0
32,0,1,Hispanic,9,1,37.378151771610000,75,63,10,1,0
50,0,2,Asian,4,4,32.493620009158900,0,23,0,1,1
34,1,4,Asian,5,2,18.98947066909650,20,88,24,2,1
23,0,2,Asian,0,4,21.29060461001360,82,15,41,2,1
32,0,3,Hispanic,10,4,49.52192744420490,20,51,51,2,0
43,1,2,Asian,15,3,6.6192966145762900,51,79,23,2,0
39,0,2,Asian,11,3,14.425245862641800,81,5,52,2,0
43,1,2,White,14,4,25.620087960216800,42,36,55,1,0
34,1,1,Hispanic,6,2,42.836484307189300,51,84,62,1,0
48,0,2,Asian,3,4,9.183783186486390,66,3,80,3,1
37,1,2,Hispanic,10,3,14.847730906230500,43,97,7,2,0
24,1,1,Asian,1,2,4.2899108897619500,31,91,58,1,1
48,0,2,Asian,4,4,36.29926330254090,9,37,44,2,1
34,1,2,White,11,5,12.910471773780800,63,40,26,2,1